predictor,metric,term,coefficient,std_error,t_value,pvalue,r_squared,adj_r_squared,n,pvalue_fdr
AF3,lddt,Intercept,0.33702208540048884,0.012109024801080705,27.83230614660318,1.3655106923673442e-59,0.3116100816253853,0.28272658854673016,150,
AF3,lddt,C(category)[T.Protein-DNA],-0.3594117811304604,0.020348775850484203,-17.662575074358006,9.227419898921722e-38,0.3116100816253853,0.28272658854673016,150,3.229596964622603e-37
AF3,lddt,C(category)[T.Protein-Peptide],-0.006262379861653122,0.019529123856371133,-0.3206687564537156,0.7489295551695232,0.3116100816253853,0.28272658854673016,150,0.7489295551695232
AF3,lddt,C(category)[T.Protein-Protein],-0.01565402651947256,0.019977606541510047,-0.7835786778033781,0.4345832695279903,0.3116100816253853,0.28272658854673016,150,0.507013814449322
AF3,lddt,C(category)[T.Protein-RNA],-0.09995715662044156,0.023663824028433113,-4.224049185809474,4.2506468679098246e-05,0.3116100816253853,0.28272658854673016,150,9.918176025122925e-05
AF3,lddt,structure_residues,3.218760221981842e-05,1.798907343526313e-05,1.7892862762304693,0.07568533349961436,0.3116100816253853,0.28272658854673016,150,0.10595946689946009
AF3,lddt,structure_chain_count,0.3146323896705374,0.008498504041282265,37.02209096356037,3.7997906001510814e-75,0.3116100816253853,0.28272658854673016,150,2.659853420105757e-74
AF3,lddt,resolution,-0.04289041737491333,0.013230493495151714,-3.2417851526574144,0.0014780692818855464,0.3116100816253853,0.28272658854673016,150,0.0025866212432997062
AF3,tm_score,Intercept,0.26510157878229146,0.021339676801212938,12.422942542748501,1.7107395100707762e-24,0.16517912104104915,0.13015167157424012,150,
AF3,tm_score,C(category)[T.Protein-DNA],-0.24499560063146417,0.035860550876971126,-6.83189729772933,2.22878855792014e-10,0.16517912104104915,0.13015167157424012,150,7.800759952720491e-10
AF3,tm_score,C(category)[T.Protein-Peptide],0.05414524746507021,0.034416082067040075,1.57325425246253,0.11786987139124455,0.16517912104104915,0.13015167157424012,150,0.20627227493467798
AF3,tm_score,C(category)[T.Protein-Protein],-0.10817206001247284,0.03520644096951342,-3.072507672847224,0.00254211914422414,0.16517912104104915,0.13015167157424012,150,0.005931611336522993
AF3,tm_score,C(category)[T.Protein-RNA],-0.04914082691160834,0.04170264451043747,-1.1783623673867787,0.24060930651128715,0.16517912104104915,0.13015167157424012,150,0.28071085759650166
AF3,tm_score,structure_residues,2.3654365184887864e-05,3.170205853633564e-05,0.7461460320558102,0.45680405307229266,0.16517912104104915,0.13015167157424012,150,0.45680405307229266
AF3,tm_score,structure_chain_count,0.2852075569331375,0.014976873242391903,19.043197623243554,4.744380010808131e-41,0.16517912104104915,0.13015167157424012,150,3.321066007565692e-40
AF3,tm_score,resolution,0.029079475911237725,0.02331603574566054,1.247187825085139,0.214367393723256,0.16517912104104915,0.13015167157424012,150,0.28071085759650166
AF3,rmsd,Intercept,0.19207738863280502,1.244629581924621,0.15432494247468231,0.8775711227312735,0.10393407423358147,0.06633690252310243,150,
AF3,rmsd,C(category)[T.Protein-DNA],0.5505252398238089,2.0915547532123004,0.2632134009297573,0.7927649779648106,0.10393407423358147,0.06633690252310243,150,0.924892474292279
AF3,rmsd,C(category)[T.Protein-Peptide],-1.2571875667694352,2.0073065882679537,-0.6263057044286522,0.5321129210047886,0.10393407423358147,0.06633690252310243,150,0.91425492648355
AF3,rmsd,C(category)[T.Protein-Protein],5.426711188086979,2.0534040094950585,2.642787860057521,0.00913921904246024,0.10393407423358147,0.06633690252310243,150,0.06397453329722169
AF3,rmsd,C(category)[T.Protein-RNA],3.3984198768979303,2.432292929536152,1.3972083031734268,0.16451515594954355,0.10393407423358147,0.06633690252310243,150,0.5758030458234025
AF3,rmsd,structure_residues,0.00010372623205451811,0.0018490120646994313,0.05609819104743347,0.9553418901340677,0.10393407423358147,0.06633690252310243,150,0.9553418901340677
AF3,rmsd,structure_chain_count,0.9346800170896449,0.8735211716588299,1.070014153537542,0.2864156919107492,0.10393407423358147,0.06633690252310243,150,0.6683032811250815
AF3,rmsd,resolution,0.6126217458621772,1.3599000628074893,0.45049026955512494,0.6530392332025358,0.10393407423358147,0.06633690252310243,150,0.91425492648355
AF3,dockq_ave,Intercept,0.287796101341719,0.048733814072936296,5.905470499620569,2.450044161437831e-08,0.1924655808101836,0.15858301776725436,150,
AF3,dockq_ave,C(category)[T.Protein-DNA],-0.3419478518826385,0.08189540241265741,-4.175421840650098,5.145596871941195e-05,0.1924655808101836,0.15858301776725436,150,0.00012006392701196123
AF3,dockq_ave,C(category)[T.Protein-Peptide],-0.0623070446212212,0.07859664231084865,-0.7927443563657298,0.4292400354220599,0.1924655808101836,0.15858301776725436,150,0.4803269010541482
AF3,dockq_ave,C(category)[T.Protein-Protein],-0.25922247068549814,0.08040159953502912,-3.22409594068537,0.00156579504157344,0.1924655808101836,0.15858301776725436,150,0.0027401413227535203
AF3,dockq_ave,C(category)[T.Protein-RNA],-0.44397410586954345,0.09523709955184984,-4.661776849134628,7.117751134341426e-06,0.1924655808101836,0.15858301776725436,150,2.4912128970194992e-05
AF3,dockq_ave,structure_residues,0.00012448643939157156,7.239857664345268e-05,1.7194597623740633,0.08769434559053137,0.1924655808101836,0.15858301776725436,150,0.12277208382674391
AF3,dockq_ave,structure_chain_count,0.23364435080079363,0.034202962059255534,6.83111452148537,2.237976070372972e-10,0.1924655808101836,0.15858301776725436,150,1.5665832492610806e-09
AF3,dockq_ave,resolution,-0.03767934717976626,0.05324726149940432,-0.7076297657145764,0.4803269010541482,0.1924655808101836,0.15858301776725436,150,0.4803269010541482
Boltz,lddt,Intercept,0.333871748365825,0.013318428936966092,25.068403333905557,7.8060011354015e-52,0.3854728764301423,0.3573265959612938,138,
Boltz,lddt,C(category)[T.Protein-DNA],-0.3512612366276146,0.022003652133139623,-15.96376976431932,1.5934323756309e-32,0.3854728764301423,0.3573265959612938,138,5.57701331470815e-32
Boltz,lddt,C(category)[T.Protein-Peptide],-0.013106304156726117,0.020795204274126806,-0.6302560909696308,0.5296249111697591,0.3854728764301423,0.3573265959612938,138,0.6178957296980523
Boltz,lddt,C(category)[T.Protein-Protein],-0.0016771095181421385,0.021985127147800352,-0.07628382164302998,0.9393096765274394,0.3854728764301423,0.3573265959612938,138,0.9393096765274394
Boltz,lddt,C(category)[T.Protein-RNA],-0.11874201663781798,0.0260035828897606,-4.566371378175539,1.130682414900113e-05,0.3854728764301423,0.3573265959612938,138,2.6382589681002635e-05
Boltz,lddt,structure_residues,-2.547561425368038e-05,3.0273681913532578e-05,-0.8415102704204795,0.401595662574183,0.3854728764301423,0.3573265959612938,138,0.5622339276038562
Boltz,lddt,structure_chain_count,0.31648226010397085,0.009517944097616748,33.25111566721816,1.013479220565767e-65,0.3854728764301423,0.3573265959612938,138,7.09435454396037e-65
Boltz,lddt,resolution,-0.03206508876798725,0.01627733134018094,-1.9699229620542213,0.05095667089037821,0.3854728764301423,0.3573265959612938,138,0.08917417405816187
Boltz,tm_score,Intercept,0.270580662415569,0.023485014058208013,11.521417945287585,1.2086621434722996e-21,0.21963794353103616,0.18389616995230496,138,
Boltz,tm_score,C(category)[T.Protein-DNA],-0.24938680357972765,0.03880007785636154,-6.427482040189746,2.2146328508906133e-09,0.21963794353103616,0.18389616995230496,138,7.751214978117147e-09
Boltz,tm_score,C(category)[T.Protein-Peptide],0.0308700762665962,0.036669164736514805,0.8418538160989545,0.4014040139317736,0.21963794353103616,0.18389616995230496,138,0.4014040139317736
Boltz,tm_score,C(category)[T.Protein-Protein],-0.12661342476447393,0.03876741187577329,-3.26597569036064,0.0013924647125968534,0.21963794353103616,0.18389616995230496,138,0.0032490843293926583
Boltz,tm_score,C(category)[T.Protein-RNA],-0.06885670533996557,0.04585334446128147,-1.5016724766523437,0.13558831984857975,0.21963794353103616,0.18389616995230496,138,0.16957327999069882
Boltz,tm_score,structure_residues,-7.819990009610682e-05,5.338301151719697e-05,-1.4648836375766334,0.14534852570631326,0.21963794353103616,0.18389616995230496,138,0.16957327999069882
Boltz,tm_score,structure_chain_count,0.29177452125135783,0.01678343984832544,17.384667498925705,7.864810576996278e-36,0.21963794353103616,0.18389616995230496,138,5.505367403897395e-35
Boltz,tm_score,resolution,0.0422444373845987,0.028702586255743488,1.471798987317578,0.1434734560120658,0.21963794353103616,0.18389616995230496,138,0.16957327999069882
Boltz,rmsd,Intercept,1.407976871145425,1.179897014854564,1.1933048845953513,0.23490665434209143,0.2650434390456462,0.23138130648285127,138,
Boltz,rmsd,C(category)[T.Protein-DNA],-1.7275421303063834,1.9493322816575238,-0.8862225011927922,0.37712161670222355,0.2650434390456462,0.23138130648285127,138,0.4399752194859275
Boltz,rmsd,C(category)[T.Protein-Peptide],0.4224306659813465,1.8422743074621517,0.22929846237896637,0.8189945606783857,0.2650434390456462,0.23138130648285127,138,0.8189945606783857
Boltz,rmsd,C(category)[T.Protein-Protein],5.63254289735318,1.9476911290106553,2.8919076610541805,0.004484802037859189,0.2650434390456462,0.23138130648285127,138,0.015696807132507165
Boltz,rmsd,C(category)[T.Protein-RNA],4.7221214817035095,2.3036913717347907,2.0498064713189095,0.04237864817559987,0.2650434390456462,0.23138130648285127,138,0.09888351240973305
Boltz,rmsd,structure_residues,0.008921568231771086,0.0026819850214683497,3.3264795143735184,0.0011415191938081307,0.2650434390456462,0.23138130648285127,138,0.007990634356656916
Boltz,rmsd,structure_chain_count,1.0884116119842604,0.8432070990866308,1.2907998677468884,0.19904647798910255,0.2650434390456462,0.23138130648285127,138,0.27866506918474354
Boltz,rmsd,resolution,-2.067748152291081,1.4420300434063897,-1.433914752154961,0.1539792379383079,0.2650434390456462,0.23138130648285127,138,0.26946366639203884
Boltz,dockq_ave,Intercept,0.27058483710400405,0.04933437534390035,5.484711931950282,2.057313534891238e-07,0.3382694663502642,0.3079611976334824,138,
Boltz,dockq_ave,C(category)[T.Protein-DNA],-0.28277041971826083,0.08150634270833197,-3.4693057045897198,0.0007067908749771284,0.3382694663502642,0.3079611976334824,138,0.0016491787082799664
Boltz,dockq_ave,C(category)[T.Protein-Peptide],-0.19204063873429866,0.07702998738577604,-2.4930633543081675,0.0139111820320515,0.3382694663502642,0.3079611976334824,138,0.01622971237072675
Boltz,dockq_ave,C(category)[T.Protein-Protein],-0.23026231219181628,0.08143772210868819,-2.827465039905024,0.005428994623037981,0.3382694663502642,0.3079611976334824,138,0.009500740590316466
Boltz,dockq_ave,C(category)[T.Protein-RNA],-0.4560592399395393,0.09632296156260525,-4.734688723655189,5.613924320458428e-06,0.3382694663502642,0.3079611976334824,138,1.9648735121604498e-05
Boltz,dockq_ave,structure_residues,-0.00029617043569136775,0.00011214034280114476,-2.64106946967835,0.009269721920377888,0.3382694663502642,0.3079611976334824,138,0.012977610688529043
Boltz,dockq_ave,structure_chain_count,0.2583992544896899,0.03525654781329266,7.32911389561137,2.129518005004535e-11,0.3382694663502642,0.3079611976334824,138,1.4906626035031747e-10
Boltz,dockq_ave,resolution,0.03267892570371207,0.060294797361921275,0.541985828521089,0.5887489788179215,0.3382694663502642,0.3079611976334824,138,0.5887489788179215
Chai,lddt,Intercept,0.32840442883842885,0.013159820675268613,24.955083883141562,6.7962613105992836e-49,0.39188551823521633,0.3609644428912442,125,
Chai,lddt,C(category)[T.Protein-DNA],-0.34262517691065597,0.02183236466005947,-15.693452461311294,1.1598571271428827e-30,0.39188551823521633,0.3609644428912442,125,4.05949994500009e-30
Chai,lddt,C(category)[T.Protein-Peptide],0.01132093127961323,0.02025526945820686,0.5589128943938245,0.5772803334039674,0.39188551823521633,0.3609644428912442,125,0.6265236554794851
Chai,lddt,C(category)[T.Protein-Protein],-0.010568749026521206,0.021661563760963745,-0.4879033269780423,0.6265236554794851,0.39188551823521633,0.3609644428912442,125,0.6265236554794851
Chai,lddt,C(category)[T.Protein-RNA],-0.13208324749233555,0.027129576247540702,-4.868607098288493,3.5197190454602225e-06,0.39188551823521633,0.3609644428912442,125,8.21267777274052e-06
Chai,lddt,structure_residues,9.125620993144152e-05,4.018345519088866e-05,2.2709896273960353,0.024960853918414235,0.39188551823521633,0.3609644428912442,125,0.03494519548577993
Chai,lddt,structure_chain_count,0.31418368076620745,0.009209169162694205,34.116398039352646,5.790996529860816e-63,0.39188551823521633,0.3609644428912442,125,4.053697570902571e-62
Chai,lddt,resolution,-0.05742090960744467,0.016176685938297474,-3.5496089759339156,0.0005549863293442173,0.39188551823521633,0.3609644428912442,125,0.0009712260763523803
Chai,tm_score,Intercept,0.26470071974514253,0.024151595683386016,10.959968161740603,1.0475305418501758e-19,0.1795153881654603,0.13779583163150055,125,
Chai,tm_score,C(category)[T.Protein-DNA],-0.2353353172976776,0.04006790495807717,-5.873412087402814,4.025615689555948e-08,0.1795153881654603,0.13779583163150055,125,1.408965491344582e-07
Chai,tm_score,C(category)[T.Protein-Peptide],0.054681625143720373,0.03717353681969258,1.4709825812095698,0.14395754337688188,0.1795153881654603,0.13779583163150055,125,0.2519257009095433
Chai,tm_score,C(category)[T.Protein-Protein],-0.0993446972263619,0.03975444215648512,-2.498958401562072,0.013831380294030832,0.1795153881654603,0.13779583163150055,125,0.03227322068607194
Chai,tm_score,C(category)[T.Protein-RNA],-0.05390867563231781,0.04978962652762908,-1.0827290620949528,0.2811362496834427,0.1795153881654603,0.13779583163150055,125,0.3935907495568198
Chai,tm_score,structure_residues,-3.2576248334971545e-05,7.37467923674418e-05,-0.44173105418146313,0.6594922842405464,0.1795153881654603,0.13779583163150055,125,0.6594922842405464
Chai,tm_score,structure_chain_count,0.2940661221926099,0.016901152051052328,17.39917618067345,2.2903669186831988e-34,0.1795153881654603,0.13779583163150055,125,1.603256843078239e-33
Chai,tm_score,resolution,0.023932440414560215,0.029688305632698284,0.8061234854777755,0.4217932671592812,0.1795153881654603,0.13779583163150055,125,0.49209214501916143
Chai,rmsd,Intercept,1.5111920498492046,1.0984977617771214,1.37568969408225,0.17152342225287187,0.2347664708355619,0.1958562913865226,125,
Chai,rmsd,C(category)[T.Protein-DNA],-1.9642980168262134,1.8224263312682052,-1.0778476930034704,0.28330023228715384,0.2347664708355619,0.1958562913865226,125,0.33051693766834617
Chai,rmsd,C(category)[T.Protein-Peptide],-0.5682987900347161,1.6907804986923622,-0.3361162436367313,0.737380152802859,0.2347664708355619,0.1958562913865226,125,0.737380152802859
Chai,rmsd,C(category)[T.Protein-Protein],5.01656625797265,1.8081689633301468,2.77439020340971,0.006431525530628998,0.2347664708355619,0.1958562913865226,125,0.04502067871440299
Chai,rmsd,C(category)[T.Protein-RNA],4.298614631882288,2.2646037146913414,1.8981752100800455,0.06011584094225566,0.2347664708355619,0.1958562913865226,125,0.14027029553192988
Chai,rmsd,structure_residues,0.0077132425534830636,0.0033542581374697536,2.2995375541673306,0.02323266359948496,0.2347664708355619,0.1958562913865226,125,0.08131432259819736
Chai,rmsd,structure_chain_count,1.0580860828718552,0.768722611247891,1.3764211789662746,0.1712975524847875,0.2347664708355619,0.1958562913865226,125,0.29977071684837814
Chai,rmsd,resolution,-1.589818533603008,1.3503264014521605,-1.177358697788397,0.24142163511632062,0.2347664708355619,0.1958562913865226,125,0.33051693766834617
Chai,dockq_ave,Intercept,0.23242823772810092,0.0506228306364887,4.591371813976908,1.1084746070789505e-05,0.25253315811433596,0.21452636954387838,125,
Chai,dockq_ave,C(category)[T.Protein-DNA],-0.21262332501918163,0.08398413062400584,-2.5317083529874136,0.012665425548544433,0.25253315811433596,0.21452636954387838,125,0.02216449470995276
Chai,dockq_ave,C(category)[T.Protein-Peptide],-0.056642203641236503,0.07791740484779201,-0.7269518761807376,0.46869517231777946,0.25253315811433596,0.21452636954387838,125,0.6561732412448912
Chai,dockq_ave,C(category)[T.Protein-Protein],-0.24080241007414768,0.08332709849561733,-2.8898451334749513,0.00458818797829214,0.25253315811433596,0.21452636954387838,125,0.010705771949348327
Chai,dockq_ave,C(category)[T.Protein-RNA],-0.45988973690385293,0.10436129621431388,-4.406707789058449,2.32537458113169e-05,0.25253315811433596,0.21452636954387838,125,8.138811033960915e-05
Chai,dockq_ave,structure_residues,6.111251481842517e-05,0.0001545765931552687,0.3953542614116164,0.6932952788648755,0.25253315811433596,0.21452636954387838,125,0.6932952788648755
Chai,dockq_ave,structure_chain_count,0.25223315043705136,0.03542557473461373,7.120086331036956,9.120145834409214e-11,0.25253315811433596,0.21452636954387838,125,6.38410208408645e-10
Chai,dockq_ave,resolution,-0.035936537446323434,0.062228023673079884,-0.5774976501763744,0.5647036113578662,0.25253315811433596,0.21452636954387838,125,0.6588208799175106
Protenix,lddt,Intercept,0.3279438756848081,0.01291513093764867,25.392222290896388,4.674245348552933e-53,0.36679834874251904,0.33844603599964684,141,
Protenix,lddt,C(category)[T.Protein-DNA],-0.33864458218044924,0.021564701745500944,-15.703652486225591,3.5838421164576254e-32,0.36679834874251904,0.33844603599964684,141,1.254344740760169e-31
Protenix,lddt,C(category)[T.Protein-Peptide],0.001472070352281287,0.02061945388183539,0.07139230557304432,0.9431919763099718,0.36679834874251904,0.33844603599964684,141,0.9431919763099718
Protenix,lddt,C(category)[T.Protein-Protein],-0.01564478868136723,0.021516799939924395,-0.727096442084696,0.4684352507157973,0.36679834874251904,0.33844603599964684,141,0.6558093510021161
Protenix,lddt,C(category)[T.Protein-RNA],-0.1124099001109847,0.025316997227711645,-4.44009607853266,1.8627561951213325e-05,0.36679834874251904,0.33844603599964684,141,4.346431121949776e-05
Protenix,lddt,structure_residues,-6.070921839826319e-06,2.953596737281253e-05,-0.20554335543499153,0.837459556305807,0.36679834874251904,0.33844603599964684,141,0.9431919763099718
Protenix,lddt,structure_chain_count,0.3172431691891276,0.009079821824657492,34.939360630140406,3.476240545174333e-69,0.36679834874251904,0.33844603599964684,141,2.4333683816220332e-68
Protenix,lddt,resolution,-0.03745494424292022,0.015713911082474358,-2.3835532762237355,0.018549063817519796,0.36679834874251904,0.33844603599964684,141,0.03246086168065965
Protenix,tm_score,Intercept,0.2401344824520031,0.023688711245945623,10.137085127123692,2.8317254935376337e-18,0.20023730771158932,0.1644270379076307,141,
Protenix,tm_score,C(category)[T.Protein-DNA],-0.1985996094709803,0.03955360539667243,-5.0210241893065986,1.607193451317672e-06,0.20023730771158932,0.1644270379076307,141,5.625177079611852e-06
Protenix,tm_score,C(category)[T.Protein-Peptide],0.07958235790090756,0.037819848007272165,2.1042484857581956,0.037224791739561953,0.20023730771158932,0.1644270379076307,141,0.07314271356208363
Protenix,tm_score,C(category)[T.Protein-Protein],-0.08111255955886494,0.03946574472797766,-2.0552648915646445,0.04179583632119064,0.20023730771158932,0.1644270379076307,141,0.07314271356208363
Protenix,tm_score,C(category)[T.Protein-RNA],-0.03315428551247838,0.046436001294684004,-0.7139780469485404,0.476482547271847,0.20023730771158932,0.1644270379076307,141,0.476482547271847
Protenix,tm_score,structure_residues,-6.251395293877456e-05,5.417436384052712e-05,-1.1539397697921598,0.25057881552063443,0.20023730771158932,0.1644270379076307,141,0.2923419514407402
Protenix,tm_score,structure_chain_count,0.28166935543299926,0.01665405317277454,16.912961217961186,4.726066625662014e-35,0.20023730771158932,0.1644270379076307,141,3.3082466379634097e-34
Protenix,tm_score,resolution,0.04769660150675588,0.028822185696320193,1.6548571995650363,0.1002938464502645,0.20023730771158932,0.1644270379076307,141,0.1404113850303703
Protenix,rmsd,Intercept,2.264298638804703,1.1725604255943225,1.9310720278292042,0.05558572188313769,0.21283321425583956,0.17758694026729516,141,
Protenix,rmsd,C(category)[T.Protein-DNA],-2.9253705176536893,1.957852071232874,-1.494173416182338,0.13748139217596908,0.21283321425583956,0.17758694026729516,141,0.16135036340475709
Protenix,rmsd,C(category)[T.Protein-Peptide],-1.5262136361114795,1.872033333299614,-0.8152705451143871,0.4163641666964778,0.21283321425583956,0.17758694026729516,141,0.4163641666964778
Protenix,rmsd,C(category)[T.Protein-Protein],5.0881306213545745,1.9535030822985193,2.6046186809021097,0.010236043671977205,0.21283321425583956,0.17758694026729516,141,0.0627879711614506
Protenix,rmsd,C(category)[T.Protein-RNA],3.5086974197137786,2.2985217252083414,1.5265017429390384,0.12924187252010927,0.21283321425583956,0.17758694026729516,141,0.16135036340475709
Protenix,rmsd,structure_residues,0.006425998556571269,0.0026815606160095437,2.396365205472722,0.017939420331843026,0.21283321425583956,0.17758694026729516,141,0.0627879711614506
Protenix,rmsd,structure_chain_count,1.6032267599564178,0.8243539917977274,1.9448280422105402,0.053890136895377125,0.21283321425583956,0.17758694026729516,141,0.12574365275587995
Protenix,rmsd,resolution,-2.1272136406805116,1.426660740457969,-1.4910437922316835,0.13830031148979177,0.21283321425583956,0.17758694026729516,141,0.16135036340475709
Protenix,dockq_ave,Intercept,0.20509179050394793,0.0462730809948121,4.432205206455602,1.9231902984629733e-05,0.3193359208161104,0.28885842473324974,141,
Protenix,dockq_ave,C(category)[T.Protein-DNA],-0.1881549796792448,0.0772632654919256,-2.435244983256732,0.016196626133800088,0.3193359208161104,0.28885842473324974,141,0.03083652890283794
Protenix,dockq_ave,C(category)[T.Protein-Peptide],0.0172497564445349,0.07387657656351024,0.23349425822006822,0.8157339489734787,0.3193359208161104,0.28885842473324974,141,0.8157339489734787
Protenix,dockq_ave,C(category)[T.Protein-Protein],-0.1852676902063132,0.07709164012165699,-2.403213758507997,0.017620873658764535,0.3193359208161104,0.28885842473324974,141,0.03083652890283794
Protenix,dockq_ave,C(category)[T.Protein-RNA],-0.45460664086788216,0.09070720760935753,-5.011802841795165,1.6734034395805316e-06,0.3193359208161104,0.28885842473324974,141,5.856912038531861e-06
Protenix,dockq_ave,structure_residues,-0.0001560133894362822,0.00010582317880480636,-1.4742837174080075,0.14275070757496586,0.3193359208161104,0.28885842473324974,141,0.1998509906049522
Protenix,dockq_ave,structure_chain_count,0.22202860132856206,0.03253171282112696,6.824989589369877,2.767812373856401e-10,0.3193359208161104,0.28885842473324974,141,1.9374686616994808e-09
Protenix,dockq_ave,resolution,0.052928178925591034,0.056300712998965,0.940097844348153,0.348858948011055,0.3193359208161104,0.28885842473324974,141,0.4070021060128975
IntelliFold,lddt,Intercept,0.331837157378287,0.013518845384352624,24.546264710030016,1.9731893913663368e-51,0.40768608347805646,0.38116456482782024,141,
IntelliFold,lddt,C(category)[T.Protein-DNA],-0.3483558387057309,0.022572738136728672,-15.432591145817277,1.6198649576914899e-31,0.40768608347805646,0.38116456482782024,141,5.669527351920215e-31
IntelliFold,lddt,C(category)[T.Protein-Peptide],-0.0065470261138018005,0.021583304906784912,-0.30333751675554016,0.7621031045286185,0.40768608347805646,0.38116456482782024,141,0.7809494789105831
IntelliFold,lddt,C(category)[T.Protein-Protein],-0.023392465053513407,0.02252259717367169,-1.038622005851908,0.30085106038751647,0.40768608347805646,0.38116456482782024,141,0.42119148454252303
IntelliFold,lddt,C(category)[T.Protein-RNA],-0.1409922962419249,0.02650043369826098,-5.32037693598868,4.2299428393877157e-07,0.40768608347805646,0.38116456482782024,141,9.869866625238005e-07
IntelliFold,lddt,structure_residues,-8.61465379652564e-06,3.091661850878854e-05,-0.2786415271798495,0.7809494789105831,0.40768608347805646,0.38116456482782024,141,0.7809494789105831
IntelliFold,lddt,structure_chain_count,0.3153184760507989,0.00950425574139497,33.17655633754217,1.7535582885414276e-66,0.40768608347805646,0.38116456482782024,141,1.2274908019789995e-65
IntelliFold,lddt,resolution,-0.036944952420564836,0.016448453781306514,-2.2461048869257465,0.026334081594550116,0.40768608347805646,0.38116456482782024,141,0.046084642790462704
IntelliFold,tm_score,Intercept,0.27439318310782157,0.022915806585532307,11.973970110266915,6.432037763689617e-23,0.25939851754157406,0.22623725713298792,141,
IntelliFold,tm_score,C(category)[T.Protein-DNA],-0.2549171596355316,0.038263068075758876,-6.662224762813294,6.389224786773992e-10,0.25939851754157406,0.22623725713298792,141,2.2362286753708973e-09
IntelliFold,tm_score,C(category)[T.Protein-Peptide],0.03530018088210129,0.03658587894591401,0.964858079104416,0.33635395909165156,0.25939851754157406,0.22623725713298792,141,0.3924129522735935
IntelliFold,tm_score,C(category)[T.Protein-Protein],-0.16472467987526263,0.038178074085609685,-4.314640898487639,3.0808006319112904e-05,0.25939851754157406,0.22623725713298792,141,7.18853480779301e-05
IntelliFold,tm_score,C(category)[T.Protein-RNA],-0.09040048537681751,0.04492090824301945,-2.01243672295663,0.0461781471398949,0.25939851754157406,0.22623725713298792,141,0.08081175749481607
IntelliFold,tm_score,structure_residues,-2.4628335357936708e-05,5.240678696171162e-05,-0.46994553159555763,0.6391578328199562,0.25939851754157406,0.22623725713298792,141,0.6391578328199562
IntelliFold,tm_score,structure_chain_count,0.2938692065800684,0.016110672185165445,18.240654592342857,3.9713546208389416e-38,0.25939851754157406,0.22623725713298792,141,2.7799482345872592e-37
IntelliFold,tm_score,resolution,0.029988114615081333,0.027881788330811477,1.0755448775121146,0.28406357827360745,0.25939851754157406,0.22623725713298792,141,0.3924129522735935
IntelliFold,rmsd,Intercept,1.522740665234442,1.1852034910920881,1.284792591887605,0.20108125756646783,0.23008905258831236,0.19561542807734134,141,
IntelliFold,rmsd,C(category)[T.Protein-DNA],-1.6775244152292481,1.9789624988332146,-0.8476787287370565,0.39812846055956175,0.23008905258831236,0.19561542807734134,141,0.4644832039861554
IntelliFold,rmsd,C(category)[T.Protein-Peptide],-0.43862332448071384,1.8922184252831775,-0.231803748774443,0.8170440622116761,0.23008905258831236,0.19561542807734134,141,0.8170440622116761
IntelliFold,rmsd,C(category)[T.Protein-Protein],6.669063919320013,1.974566617175256,3.377482360590364,0.0009578877254988137,0.23008905258831236,0.19561542807734134,141,0.006705214078491697
IntelliFold,rmsd,C(category)[T.Protein-RNA],6.375278596120339,2.3233054038022334,2.7440553384358335,0.006900358487122839,0.23008905258831236,0.19561542807734134,141,0.024151254704929938
IntelliFold,rmsd,structure_residues,0.004655854499076602,0.002710474389461563,1.7177267998468306,0.08815644594317429,0.23008905258831236,0.19561542807734134,141,0.18023509347843586
IntelliFold,rmsd,structure_chain_count,1.3679569152408946,0.8332425414060435,1.6417271649771443,0.10299148198767763,0.23008905258831236,0.19561542807734134,141,0.18023509347843586
IntelliFold,rmsd,resolution,-1.6140561239448605,1.4420436280183764,-1.1192838362060238,0.26502139335517994,0.23008905258831236,0.19561542807734134,141,0.3710299506972519
IntelliFold,dockq_ave,Intercept,0.24176418801709668,0.046479516898092404,5.201521103310329,7.226634002121798e-07,0.3499602959477862,0.32085404054246325,141,
IntelliFold,dockq_ave,C(category)[T.Protein-DNA],-0.25249978041551224,0.07760795643662409,-3.253529560744299,0.0014426687834773312,0.3499602959477862,0.32085404054246325,141,0.0025246703710853297
IntelliFold,dockq_ave,C(category)[T.Protein-Peptide],-0.1007029617619795,0.07420615863339347,-1.3570701356404968,0.17704042059051936,0.3499602959477862,0.32085404054246325,141,0.2478565888267271
IntelliFold,dockq_ave,C(category)[T.Protein-Protein],-0.312497135615545,0.07743556540222472,-4.035576340049128,9.1085494905263e-05,0.3499602959477862,0.32085404054246325,141,0.00021253282144561368
IntelliFold,dockq_ave,C(category)[T.Protein-RNA],-0.5433118387312849,0.0911118753758927,-5.963128697436951,2.0749056914607837e-08,0.3499602959477862,0.32085404054246325,141,7.262169920112744e-08
IntelliFold,dockq_ave,structure_residues,-9.057496589658396e-05,0.00010629528273726361,-0.8521071073347959,0.39567500063813366,0.3499602959477862,0.32085404054246325,141,0.4616208340778226
IntelliFold,dockq_ave,structure_chain_count,0.23102859561856884,0.03267684500980136,7.070101031763387,7.722421116883101e-11,0.3499602959477862,0.32085404054246325,141,5.405694781818171e-10
IntelliFold,dockq_ave,resolution,0.03148575201840459,0.05655188470167849,0.5567586683361249,0.5786210005770943,0.3499602959477862,0.32085404054246325,141,0.5786210005770943
