predictor_1,predictor_2,n_structures,success_1,success_2,success_rate_1_percent,success_rate_2_percent,discordant_1_success_2_fail,discordant_1_fail_2_success,mcnemar_chi_square,p_value,p_value_fdr,significant_fdr
AF3,Boltz,150,150,138,100.0,92.0,12,0,10.083333333333334,0.0014961642897455274,0.0037404107243638185,True
AF3,Chai,150,150,125,100.0,83.33333333333333,25,0,23.04,1.586656303897982e-06,1.586656303897982e-05,True
AF3,Protenix,150,150,141,100.0,94.0,9,0,7.111111111111111,0.007660761135179439,0.010943944478827771,True
AF3,IntelliFold,150,150,141,100.0,94.0,9,0,7.111111111111111,0.007660761135179439,0.010943944478827771,True
Boltz,Chai,150,138,125,92.0,83.33333333333333,14,1,9.6,0.0019457736937391612,0.0038915473874783224,True
Boltz,Protenix,150,138,141,92.0,94.0,0,3,1.3333333333333333,0.24821307898992362,0.275792309988804,False
Boltz,IntelliFold,150,138,141,92.0,94.0,0,3,1.3333333333333333,0.24821307898992362,0.275792309988804,False
Chai,Protenix,150,125,141,83.33333333333333,94.0,0,16,14.0625,0.00017683457040162942,0.0005894485680054314,True
Chai,IntelliFold,150,125,141,83.33333333333333,94.0,0,16,14.0625,0.00017683457040162942,0.0005894485680054314,True
Protenix,IntelliFold,150,141,141,94.0,94.0,0,0,0.0,1.0,1.0,False
