pdb_id,chain,start_residue,end_residue,region_length,mean_deviation,max_deviation,rolling_mean_max
8AXB,A,407,412,6,18.050105196719418,20.744590066564896,16.088978383548035
8AXB,A,498,514,17,9.018653511159805,12.558840196349063,10.295839397266159
8AXB,A,563,580,18,8.134808727289048,9.462425814410858,8.805064108107969
8AXB,B,101,110,10,44.88074821472168,49.813175964355466,46.70365709577288
8AXB,B,230,240,11,44.70239736383611,48.91029357910156,45.90148811340332
8C3I,A,21,43,23,15.785459070271475,18.168333672601207,17.299749433390623
8C3I,A,80,85,6,14.116969603350022,15.272210646125169,14.120376353058166
8C3I,B,18,42,25,15.993474644557905,18.708993722929964,17.211676994612535
8C3I,B,81,85,5,14.277663655194766,16.363391988607425,14.099953914350968
8DA8,A,1,6,6,8.599883602293842,15.907878823497793,10.85224065594463
8DA8,B,2,6,5,4.981608581905952,9.347403282095332,6.069901146554087
8G19,H,197,206,10,12.350153400596744,14.161471537710744,12.825676975290365
8G19,H,138,147,10,12.148674284128983,14.498930504837244,12.724774886557281
8G19,L,184,192,9,10.447903437709396,11.770487926302206,10.675978331774687
8G19,L,206,209,4,10.238665915908474,11.363397899881427,10.238665915908472
8G19,L,151,155,5,10.204540224260166,10.926109067857334,9.757139639054193
8I3Q,A,538,549,12,9.736517999074932,12.522372693153958,10.452929350051829
8I3Q,A,658,671,14,7.93191417728582,10.664471679331031,9.25403218688127
8I3Q,A,563,566,4,6.87544529463597,9.213080415340588,8.73820785465414
8I3Q,A,227,231,5,6.395196619285507,8.10992342833542,6.499020180773459
8I3Q,A,356,359,4,5.974168910417234,6.832920562147007,6.404583500451415
8I3Q,A,212,220,9,5.588109684745734,7.334656192152574,5.879048980589504
8I3Q,C,104,113,10,34.30820234298706,53.58112335205078,49.60962696075439
8II2,A,67,74,8,0.4705168381600386,0.7847732804710258,0.5002375439138007
8II2,B,128,137,10,1.8471074566847077,4.057381147860371,2.4729826222915525
8JJV,A,24,30,7,2.2419808638506233,3.2976608391142945,2.2419808638506233
8PIF,A,129,132,4,0.9161600016433286,2.069244139729858,0.7346138903584715
8PIF,A,343,348,6,0.6420547028116375,0.8633200438214113,0.614243250707829
8PIF,A,171,174,4,0.6263016126545818,1.480545479905266,0.5721023345684356
8PIF,A,180,184,5,0.5954181349251049,1.0015822185856451,0.6075692826892493
8PIF,A,262,265,4,0.5656338206634098,0.728141081738685,0.4983411610524566
8PIF,B,129,132,4,0.8497203422154318,1.9406023279781532,0.6991458708244384
8PIF,B,177,184,8,0.7444030884183657,1.0233088288029055,0.8374521815484895
8PIF,B,28,31,4,0.7021367700734157,1.2799716204811076,0.7021367700734157
8PIF,B,343,348,6,0.6610491276774958,0.8646386922773438,0.6247982748238374
8PIF,B,262,265,4,0.5797458560566431,0.716452779295116,0.47433468526647476
8SCZ,A,667,671,5,5.923266058610627,13.30776550382381,4.777527936037845
8SCZ,A,803,823,21,3.060658067653489,3.529083249123306,3.3644774243833884
8SCZ,A,608,621,14,3.0486557026813585,3.8817199676058913,3.3807926539416706
8SCZ,A,840,845,6,3.019876271266638,3.651451295622274,2.9417494498320025
8SCZ,A,487,491,5,2.869176591712309,3.843558469851512,2.8370123072550553
8SCZ,A,798,801,4,2.662961582500168,2.9344963073618184,2.8831354477252202
8SCZ,B,45,48,4,19.79064807891846,20.38995018005371,19.13712283543178
8U0O,A,54,83,30,1.7282731175780428,2.4063558696410174,2.0879127756956457
