category,pdb,fasta_file,sequence_count,sequence_ids,sequence_types,sequence_lengths,protein_sequences,dna_sequences,rna_sequences,unique_sequence_residues,structure_chain_count,structure_chain_ids,structure_chain_types,structure_chain_lengths,structure_residues,rcsb_title,experimental_method,experimental_method_count,resolution_A,deposit_date,initial_release_date,revision_date,polymer_entity_count,polymer_count,assembly_count,molecular_weight_Da,journal,year,doi
proteinAntibody,8B50,8B50.fasta,2,8B50_2|Chain;8B50_1|Chain,Protein;Protein,219;227,2,0,0,446,2,H;L,Protein;Protein,227;219,446,Crystal structure of a Fab fragment in complex with L-hydroxycoumarylalanine,X-RAY DIFFRACTION,1,1.67,2022-09-21T00:00:00.000+00:00,2023-10-04T00:00:00.000+00:00,,2,,1,48.88,To be published,,
proteinAntibody,8CD3,8CD3.fasta,2,8CD3_2|Chain;8CD3_1|Chain,Protein;Protein,8;102,2,0,0,110,2,B;A,Protein;Protein,102;8,110,Crystal structure of human Scribble PDZ1 domain in complex with human TMIGD1,X-RAY DIFFRACTION,1,1.9,2023-01-30T00:00:00.000+00:00,2024-01-31T00:00:00.000+00:00,,2,,1,11.75,Commun Biol,2023,
proteinAntibody,8DA3,8DA3.fasta,2,8DA3_2|Chain;8DA3_1|Chain,Protein;Protein,67;67,2,0,0,134,2,A;B,Protein;Protein,67;67,134,Coevolved affibody-Z domain pair LL1.c1,X-RAY DIFFRACTION,1,1.06,2022-06-13T00:00:00.000+00:00,2023-07-26T00:00:00.000+00:00,,2,,1,15.99,Science,2023,
proteinAntibody,8DA7,8DA7.fasta,2,8DA7_2|Chain;8DA7_1|Chain,Protein;Protein,67;67,2,0,0,134,2,A;B,Protein;Protein,67;67,134,Coevolved affibody-Z domain pair LL1.c6,X-RAY DIFFRACTION,1,1.02,2022-06-13T00:00:00.000+00:00,2023-07-26T00:00:00.000+00:00,,2,,1,15.72,Science,2023,
proteinAntibody,8DA8,8DA8.fasta,2,8DA8_2|Chain;8DA8_1|Chain,Protein;Protein,67;67,2,0,0,134,2,A;B,Protein;Protein,67;67,134,Coevolved affibody-Z domain pair LL2.c1,X-RAY DIFFRACTION,1,1.29,2022-06-13T00:00:00.000+00:00,2023-07-26T00:00:00.000+00:00,,2,,1,15.58,Science,2023,
proteinAntibody,8DAB,8DAB.fasta,2,8DAB_2|Chain;8DAB_1|Chain,Protein;Protein,67;67,2,0,0,134,2,A;B,Protein;Protein,67;67,134,Coevolved affibody-Z domain pair LL2.c17,X-RAY DIFFRACTION,1,1.134,2022-06-13T00:00:00.000+00:00,2023-07-26T00:00:00.000+00:00,,2,,1,15.53,Science,2023,
proteinAntibody,8ED1,8ED1.fasta,2,8ED1_2|Chain;8ED1_1|Chain,Protein;Protein,272;216,2,0,0,488,2,L;H,Protein;Protein,216;272,488,Bovine Fab 5C1,X-RAY DIFFRACTION,1,2.31,2022-09-02T00:00:00.000+00:00,2023-09-20T00:00:00.000+00:00,,2,,1,51.89,Proc.Natl.Acad.Sci.USA,2023,
proteinAntibody,8F2T,8F2T.fasta,2,8F2T_2|Chain;8F2T_1|Chain,Protein;Protein,214;221,2,0,0,435,2,A;B,Protein;Protein,221;214,435,Antibody Fab directed against SARS-CoV-2 Spike Protein Receptor Binding Domain (RBD),X-RAY DIFFRACTION,1,2.12,2022-11-08T00:00:00.000+00:00,2023-12-13T00:00:00.000+00:00,,2,,1,46.26,To Be Published,,
proteinAntibody,8G19,8G19.fasta,2,8G19_2|Chain;8G19_1|Chain,Protein;Protein,225;209,2,0,0,434,2,L;H,Protein;Protein,209;225,434,Crystal structure of monoreactive 4C05 human Fab,X-RAY DIFFRACTION,1,1.77,2023-02-01T00:00:00.000+00:00,2023-10-18T00:00:00.000+00:00,,2,,1,46.7,Cell Rep,2023,
proteinAntibody,8GV2,8GV2.fasta,2,8GV2_2|Chain;8GV2_1|Chain,Protein;Protein,213;224,2,0,0,437,2,A;B,Protein;Protein,224;213,437,Crystal structure of anti-FX IgG fab without FAST-Ig mutations,X-RAY DIFFRACTION,1,1.274,2022-09-14T00:00:00.000+00:00,2023-06-28T00:00:00.000+00:00,,2,,1,48.39,Mabs,2023,
proteinAntibody,8OJT,8OJT.fasta,2,8OJT_2|Chain;8OJT_1|Chain,Protein;Protein,227;217,2,0,0,444,2,L;H,Protein;Protein,217;227,444,Crystal structure of the human IgD Fab - structure Fab2,X-RAY DIFFRACTION,1,1.55,2023-03-24T00:00:00.000+00:00,2023-06-14T00:00:00.000+00:00,,2,,1,48.96,Mol.Immunol.,2023,
proteinAntibody,8OJU,8OJU.fasta,2,8OJU_2|Chain;8OJU_1|Chain,Protein;Protein,227;217,2,0,0,444,2,L;H,Protein;Protein,217;227,444,Crystal structure of the human IgD Fab - structure Fab3,X-RAY DIFFRACTION,1,1.45,2023-03-24T00:00:00.000+00:00,2023-06-14T00:00:00.000+00:00,,2,,1,48.97,Mol.Immunol.,2023,
proteinAntibody,8S4K,8S4K.fasta,2,8S4K_2|Chain;8S4K_1|Chain,Protein;Protein,219;236,2,0,0,455,2,H;L,Protein;Protein,236;219,455,Crystal structure of Fab-2B1 in complex with rocuronium,X-RAY DIFFRACTION,1,1.6,2024-02-21T00:00:00.000+00:00,2024-09-18T00:00:00.000+00:00,,2,,1,50.43,Sci Transl Med,2024,
proteinAntibody,8SEF,8SEF.fasta,2,8SEF_2|Chain;8SEF_1|Chain,Protein;Protein,215;223,2,0,0,438,2,H;L,Protein;Protein,223;215,438,"Crystal structure of Cy137C02, a monoclonal antibody isolated from macaques immunized with an Epstein-Barr virus glycoprotein 350 (gp350) nanoparticle vaccine",X-RAY DIFFRACTION,1,2.47,2023-04-09T00:00:00.000+00:00,2024-04-17T00:00:00.000+00:00,,2,,1,47.46,Immunity,2025,
proteinAntibody,8SIP,8SIP.fasta,2,8SIP_2|Chain;8SIP_1|Chain,Protein;Protein,219;222,2,0,0,441,2,H;L,Protein;Protein,222;219,441,"Structure of a mouse IgG antibody fragment that binds Inosine, an RNA modification",X-RAY DIFFRACTION,1,1.94,2023-04-16T00:00:00.000+00:00,2024-02-07T00:00:00.000+00:00,,2,,1,48.51,Nucleic Acids Res.,2025,
proteinAntibody,8T7G,8T7G.fasta,2,8T7G_2|Chain;8T7G_1|Chain,Protein;Protein,214;237,2,0,0,451,2,A;B,Protein;Protein,237;214,451,Structure of the CK variant of Fab F1 (FabC-F1),X-RAY DIFFRACTION,1,2.0,2023-06-20T00:00:00.000+00:00,2023-11-22T00:00:00.000+00:00,,2,,1,49.04,Protein Sci.,2024,
proteinAntibody,8T7I,8T7I.fasta,2,8T7I_2|Chain;8T7I_1|Chain,Protein;Protein,214;236,2,0,0,450,2,A;B,Protein;Protein,236;214,450,Structure of the S1CE variant of Fab F1 (FabS1CE-F1),X-RAY DIFFRACTION,1,2.6,2023-06-20T00:00:00.000+00:00,2023-11-22T00:00:00.000+00:00,,2,,1,49.03,Protein Sci.,2024,
proteinAntibody,8TCA,8TCA.fasta,2,8TCA_2|Chain;8TCA_1|Chain,Protein;Protein,215;221,2,0,0,436,2,H;L,Protein;Protein,221;215,436,"Structure of a mouse IgG antibody antigen-binding fragment (Fab) targeting N6-methyladenosine (m6A), an RNA modification, no ligand",X-RAY DIFFRACTION,1,2.02,2023-06-30T00:00:00.000+00:00,2024-02-07T00:00:00.000+00:00,,2,,1,47.62,Nucleic Acids Res.,2025,
proteinAntibody,8ULH,8ULH.fasta,2,8ULH_2|Chain;8ULH_1|Chain,Protein;Protein,214;257,2,0,0,471,2,H;L,Protein;Protein,257;214,471,Fab of RSV neutralizing antibody 1G12,X-RAY DIFFRACTION,1,1.69,2023-10-16T00:00:00.000+00:00,2024-11-06T00:00:00.000+00:00,,2,,1,50.66,To be published,,
proteinAntibody,8VBJ,8VBJ.fasta,2,8VBJ_2|Chain;8VBJ_1|Chain,Protein;Protein,265;216,2,0,0,481,2,L;H,Protein;Protein,216;265,481,Structure of bovine anti-HIV Fab ElsE2,X-RAY DIFFRACTION,1,1.9,2023-12-12T00:00:00.000+00:00,2024-09-04T00:00:00.000+00:00,,2,,1,50.75,Plos Pathog.,2024,
proteinAntibody,8VBK,8VBK.fasta,2,8VBK_1|Chain;8VBK_2|Chain,Protein;Protein,216;265,2,0,0,481,2,L;H,Protein;Protein,216;265,481,Structure of bovine anti-HIV Fab ElsE5,X-RAY DIFFRACTION,1,1.89,2023-12-12T00:00:00.000+00:00,2024-09-04T00:00:00.000+00:00,,2,,1,50.74,Plos Pathog.,2024,
proteinAntibody,8VBL,8VBL.fasta,2,8VBL_2|Chain;8VBL_1|Chain,Protein;Protein,265;216,2,0,0,481,2,L;H,Protein;Protein,216;265,481,Structure of bovine anti-HIV Fab ElsE6,X-RAY DIFFRACTION,1,2.35,2023-12-12T00:00:00.000+00:00,2024-09-04T00:00:00.000+00:00,,2,,1,50.26,Plos Pathog.,2024,
proteinAntibody,8VBM,8VBM.fasta,2,8VBM_2|Chain;8VBM_1|Chain,Protein;Protein,265;216,2,0,0,481,2,L;H,Protein;Protein,216;265,481,Structure of bovine anti-HIV Fab ElsE7,X-RAY DIFFRACTION,1,2.54,2023-12-12T00:00:00.000+00:00,2024-09-04T00:00:00.000+00:00,,2,,1,50.36,Plos Pathog.,2024,
proteinAntibody,8VBO,8VBO.fasta,2,8VBO_2|Chain;8VBO_1|Chain,Protein;Protein,265;216,2,0,0,481,2,L;H,Protein;Protein,216;265,481,Structure of bovine anti-HIV Fab ElsE9,X-RAY DIFFRACTION,1,2.3,2023-12-12T00:00:00.000+00:00,2024-09-04T00:00:00.000+00:00,,2,,1,51.2,Plos Pathog.,2024,
proteinAntibody,8VBQ,8VBQ.fasta,2,8VBQ_2|Chain;8VBQ_1|Chain,Protein;Protein,216;272,2,0,0,488,2,H;L,Protein;Protein,272;216,488,Structure of bovine anti-HIV Fab Bess7,X-RAY DIFFRACTION,1,2.1,2023-12-12T00:00:00.000+00:00,2024-09-04T00:00:00.000+00:00,,2,,1,51.14,Plos Pathog.,2024,
proteinAntibody,8VGF,8VGF.fasta,2,8VGF_1|Chain;8VGF_2|Chain,Protein;Protein,217;238,2,0,0,455,2,L;H,Protein;Protein,217;238,455,Crystal structure of an engineered conformationally rigid anti-Tryptase Fab variant E104.v1.5DS,X-RAY DIFFRACTION,1,2.14,2023-12-27T00:00:00.000+00:00,2024-10-30T00:00:00.000+00:00,,2,,1,48.91,Biorxiv,2024,
proteinAntibody,8VGG,8VGG.fasta,2,8VGG_2|Chain;8VGG_1|Chain,Protein;Protein,238;217,2,0,0,455,2,L;H,Protein;Protein,217;238,455,Crystal structure of an engineered conformationally rigid anti-Tryptase Fab variant E104.v1.6DS,X-RAY DIFFRACTION,1,2.71,2023-12-27T00:00:00.000+00:00,2024-10-30T00:00:00.000+00:00,,2,,1,48.85,Biorxiv,2024,
proteinAntibody,8VLT,8VLT.fasta,2,8VLT_1|Chain;8VLT_2|Chain,Protein;Protein,222;219,2,0,0,441,2,H;L,Protein;Protein,222;219,441,Crystal structure of glycan-targeting antibody 2526 Fab bound to Mannose,X-RAY DIFFRACTION,1,1.84,2024-01-12T00:00:00.000+00:00,2024-10-16T00:00:00.000+00:00,,2,,1,47.86,Plos Pathog.,2024,
proteinAntibody,8VTR,8VTR.fasta,2,8VTR_2|Chain;8VTR_1|Chain,Protein;Protein,212;224,2,0,0,436,2,A;G,Protein;Protein,224;212,436,"Structure of FabS1CE3-EPR-1, an elbow-locked high affinity antibody for the erythropoeitin receptor (orthorhombic form)",X-RAY DIFFRACTION,1,1.96,2024-01-26T00:00:00.000+00:00,2024-07-10T00:00:00.000+00:00,,2,,1,47.97,Protein Sci.,2024,
proteinAntibody,8X6B,8X6B.fasta,2,8X6B_2|Chain;8X6B_1|Chain,Protein;Protein,128;141,2,0,0,269,2,B;A,Protein;Protein,141;128,269,Crystal structure of immune receptor PVRIG in complex with ligand Nectin-2,X-RAY DIFFRACTION,1,2.0,2023-11-21T00:00:00.000+00:00,2024-04-24T00:00:00.000+00:00,,2,,1,28.77,Structure,2024,
proteinDNA,8C56,8C56.fasta,3,8C56_3|Chain;8C56_2|Chain;8C56_1|Chain,DNA;DNA;Protein,14;14;395,1,2,0,423,3,A;B;C,Protein;DNA;DNA,395;14;14,423,CpG specific M.MpeI methyltransferase crystallized in the presence of 2'-deoxy-5-methylzebularine (5mZ) and 5-methylcytosine containing dsDNA,X-RAY DIFFRACTION,1,2.4,2023-01-06T00:00:00.000+00:00,2024-01-17T00:00:00.000+00:00,,3,,1,55.31,Nucleic Acids Res.,2024,
proteinDNA,8E3K,8E3K.fasta,3,8E3K_3|Chain;8E3K_2|Chain;8E3K_1|Chain,Protein;DNA;DNA,106;16;16,1,2,0,138,3,C;D;F,DNA;DNA;Protein,16;16;106,138,Human PU.1 ETS-Domain (165-270) Bound to d(AATAAGCGGAAGTGGG),X-RAY DIFFRACTION,1,1.28,2022-08-17T00:00:00.000+00:00,2023-07-05T00:00:00.000+00:00,,3,,1,22.26,Cell Rep,2023,
proteinDNA,8E4H,8E4H.fasta,3,8E4H_3|Chain;8E4H_2|Chain;8E4H_1|Chain,Protein;DNA;DNA,106;16;16,1,2,0,138,3,C;D;F,DNA;DNA;Protein,16;16;106,138,Human PU.1 ETS-Domain (165-270) Bound to d(AATAAGAGGAAGTGGG),X-RAY DIFFRACTION,1,1.39,2022-08-18T00:00:00.000+00:00,2023-07-05T00:00:00.000+00:00,,3,,1,22.23,Cell Rep,2023,
proteinDNA,8EJ6,8EJ6.fasta,3,8EJ6_2|Chain;8EJ6_3|Chain;8EJ6_1|Chain,DNA;Protein;DNA,16;106;16,1,2,0,138,3,C;D;F,DNA;DNA;Protein,16;16;106,138,Human PU.1 ETS-Domain (165-270) Bound to d(AATAAGAGGAATGGGG),X-RAY DIFFRACTION,1,1.39,2022-09-16T00:00:00.000+00:00,2023-07-05T00:00:00.000+00:00,,3,,1,22.23,Cell Rep,2023,
proteinDNA,8EKZ,8EKZ.fasta,3,8EKZ_3|Chain;8EKZ_2|Chain;8EKZ_1|Chain,Protein;DNA;DNA,106;16;16,1,2,0,138,3,C;D;F,DNA;DNA;Protein,16;16;106,138,Human PU.1 ETS-Domain (165-270) Bound to d(AATAAGGAGAAGTAGG),X-RAY DIFFRACTION,1,1.42,2022-09-22T00:00:00.000+00:00,2023-07-05T00:00:00.000+00:00,,3,,1,22.25,Cell Rep,2023,
proteinDNA,8EM9,8EM9.fasta,3,8EM9_2|Chain;8EM9_3|Chain;8EM9_1|Chain,DNA;Protein;DNA,16;106;16,1,2,0,138,3,C;D;F,DNA;DNA;Protein,16;16;106,138,Human PU.1 ETS-Domain (165-270) Bound to d(AATAGGAGAAGTAGGG),X-RAY DIFFRACTION,1,2.341,2022-09-27T00:00:00.000+00:00,2023-07-05T00:00:00.000+00:00,,3,,1,22.23,Cell Rep,2023,
proteinDNA,8EO1,8EO1.fasta,3,8EO1_3|Chain;8EO1_2|Chain;8EO1_1|Chain,Protein;DNA;DNA,106;16;16,1,2,0,138,3,C;D;F,DNA;DNA;Protein,16;16;106,138,Human PU.1 ETS-Domain (165-270) Bound to d(AATAAGCGGAAGTGGG) with Hemi-methylated CpG (reverse strand),X-RAY DIFFRACTION,1,1.28,2022-10-01T00:00:00.000+00:00,2023-07-05T00:00:00.000+00:00,,3,,1,22.27,Cell Rep,2023,
proteinDNA,8EQK,8EQK.fasta,3,8EQK_3|Chain;8EQK_2|Chain;8EQK_1|Chain,Protein;DNA;DNA,106;16;16,1,2,0,138,3,C;D;F,DNA;DNA;Protein,16;16;106,138,Human PU.1 ETS-Domain (165-270) Bound to d(AATAACCGGAAGTGGG),X-RAY DIFFRACTION,1,1.45,2022-10-07T00:00:00.000+00:00,2023-07-05T00:00:00.000+00:00,,3,,1,22.3,Cell Rep,2023,
proteinDNA,8G8H,8G8H.fasta,3,8G8H_1|Chain;8G8H_2|Chain;8G8H_3|Chain,Protein;DNA;DNA,432;12;8,1,2,0,452,3,A;T;P,Protein;DNA;DNA,432;12;8,452,Crystal structure of human DNA polymerase eta incorporating ITP across dC,X-RAY DIFFRACTION,1,1.64,2023-02-17T00:00:00.000+00:00,2024-02-21T00:00:00.000+00:00,,3,,1,54.92,To Be Published,,
proteinDNA,8G8J,8G8J.fasta,3,8G8J_3|Chain;8G8J_2|Chain;8G8J_1|Chain,DNA;DNA;Protein,8;12;432,1,2,0,452,3,A;T;P,Protein;DNA;DNA,432;12;8,452,Crystal structure of human DNA polymerase eta incorporating ITP across dT,X-RAY DIFFRACTION,1,1.74,2023-02-17T00:00:00.000+00:00,2024-02-21T00:00:00.000+00:00,,3,,1,54.94,To Be Published,,
proteinDNA,8GBF,8GBF.fasta,3,8GBF_3|Chain;8GBF_2|Chain;8GBF_1|Chain,DNA;DNA;Protein,8;12;432,1,2,0,452,3,A;T;P,Protein;DNA;DNA,432;12;8,452,Crystal structure of human DNA polymerase eta incorporating syn-ITP across dT,X-RAY DIFFRACTION,1,2.11,2023-02-25T00:00:00.000+00:00,2024-02-28T00:00:00.000+00:00,,3,,1,54.94,To Be Published,,
proteinDNA,8GN4,8GN4.fasta,3,8GN4_3|Chain;8GN4_2|Chain;8GN4_1|Chain,DNA;DNA;Protein,11;11;67,1,2,0,89,3,A;B;C,Protein;DNA;DNA,67;11;11,89,The crystal structure of ZBTB10 ZF1-2 R767Q in complex with telomeric DNA TTAGGG,X-RAY DIFFRACTION,1,1.9,2022-08-22T00:00:00.000+00:00,2023-08-30T00:00:00.000+00:00,,3,,1,14.8,J.Biol.Chem.,2023,
proteinDNA,8IK5,8IK5.fasta,3,8IK5_3|Chain;8IK5_2|Chain;8IK5_1|Chain,Protein;DNA;DNA,67;15;15,1,2,0,97,3,A;B;C,DNA;DNA;Protein,15;15;67,97,Transcription factor LMX1a homeobox domain in complex with Wnt1 promoter,X-RAY DIFFRACTION,1,1.989,2023-02-28T00:00:00.000+00:00,2024-03-06T00:00:00.000+00:00,,3,,1,17.34,Febs J.,2024,
proteinDNA,8OJD,8OJD.fasta,3,8OJD_3|Chain;8OJD_2|Chain;8OJD_1|Chain,DNA;DNA;Protein,68;47;1235,1,2,0,1350,3,A;C;D,Protein;DNA;DNA,1235;47;68,1350,HSV-1 DNA polymerase beta-hairpin loop,ELECTRON MICROSCOPY,1,2.46,2023-03-24T00:00:00.000+00:00,2024-04-03T00:00:00.000+00:00,,3,,1,172.22,Nucleic Acids Res.,2024,
proteinDNA,8OO9,8OO9.fasta,3,8OO9_3|Chain;8OO9_2|Chain;8OO9_1|Chain,DNA;DNA;Protein,226;226;1134,1,2,0,1586,3,G;K;L,Protein;DNA;DNA,1134;226;226,1586,CryoEM Structure INO80core Hexasome complex ATPase-DNA refinement state1,ELECTRON MICROSCOPY,1,3.2,2023-04-04T00:00:00.000+00:00,2023-07-26T00:00:00.000+00:00,,3,,1,271.01,Science,2023,
proteinDNA,8P5Q,8P5Q.fasta,3,8P5Q_3|Chain;8P5Q_2|Chain;8P5Q_1|Chain,DNA;DNA;Protein,17;17;129,1,2,0,163,3,A;B;C,Protein;DNA;DNA,129;17;17,163,Structure of an ALOG domain from Arabidopsis thaliana in complex with DNA,X-RAY DIFFRACTION,1,2.14,2023-05-24T00:00:00.000+00:00,2024-02-21T00:00:00.000+00:00,,3,,1,25.58,Proc.Natl.Acad.Sci.USA,2024,
proteinDNA,8S84,8S84.fasta,3,8S84_3|Chain;8S84_2|Chain;8S84_1|Chain,DNA;DNA;Protein,16;13;774,1,2,0,803,3,A;P;T,Protein;DNA;DNA,774;13;16,803,KOD-H4 DNA polymerase mutant in a ternary complex with DNA/DNA and non-hydrolyzable triphosphate,X-RAY DIFFRACTION,1,2.35,2024-03-05T00:00:00.000+00:00,2024-11-13T00:00:00.000+00:00,,3,,1,99.77,Nucleic Acids Res.,2025,
proteinDNA,8SMH,8SMH.fasta,3,8SMH_3|Chain;8SMH_2|Chain;8SMH_1|Chain,Protein;DNA;DNA,107;16;16,1,2,0,139,3,C;D;F,DNA;DNA;Protein,16;16;107,139,Chimeric ETS-domain of murine PU.1 harboring the corresponding beta-strand 3 (S3) residues from murine Ets-1 in complex with d(AATAAGCGGAAGTGGG),X-RAY DIFFRACTION,1,1.37,2023-04-26T00:00:00.000+00:00,2023-11-29T00:00:00.000+00:00,,3,,1,22.31,Structure,2024,
proteinDNA,8SXT,8SXT.fasta,3,8SXT_3|Chain;8SXT_2|Chain;8SXT_1|Chain,Protein;RNA;DNA,1275;17;13,1,1,1,1305,3,B;C;A,DNA;RNA;Protein,13;17;1275,1305,Structure of LINE-1 ORF2p with template:primer hybrid,ELECTRON MICROSCOPY,1,3.3,2023-05-24T00:00:00.000+00:00,2024-01-10T00:00:00.000+00:00,,3,,1,159.18,Nature,2024,
proteinDNA,8T3X,8T3X.fasta,3,8T3X_3|Chain;8T3X_2|Chain;8T3X_1|Chain,Protein;DNA;Protein,12;15;760,2,1,0,787,3,A;T;P,Protein;DNA;DNA,760;15;12,787,"TNA polymerase, closed ternary",X-RAY DIFFRACTION,1,2.73,2023-06-07T00:00:00.000+00:00,2024-08-28T00:00:00.000+00:00,,3,,1,97.42,Nat Catal,2024,
proteinDNA,8U0O,8U0O.fasta,3,8U0O_3|Chain;8U0O_2|Chain;8U0O_1|Chain,DNA;DNA;Protein,8;8;341,1,2,0,357,3,A;T;P,Protein;DNA;DNA,341;8;8,357,Synaptic complex of human DNA polymerase Lambda DL variant engaged on a DNA double-strand break containing an unpaired 3' primer terminus,X-RAY DIFFRACTION,1,2.05,2023-08-29T00:00:00.000+00:00,2024-03-13T00:00:00.000+00:00,,3,,1,43.08,DNA Repair (Amst),2024,
proteinDNA,8V7B,8V7B.fasta,3,8V7B_1|Chain;8V7B_2|Chain;8V7B_3|Chain,Protein;DNA;DNA,435;12;8,1,2,0,455,3,A;T;P,Protein;DNA;DNA,435;12;8,455,Human DNA polymerase eta-DNA-dT primer araCTP insertion ternary complex at pH7.0 (K+ MES) with 1 Ca2+ ion,X-RAY DIFFRACTION,1,1.9,2023-12-04T00:00:00.000+00:00,2024-05-15T00:00:00.000+00:00,,3,,1,55.55,J.Biol.Chem.,2024,
proteinDNA,8V7H,8V7H.fasta,3,8V7H_3|Chain;8V7H_2|Chain;8V7H_1|Chain,DNA;DNA;Protein,8;12;435,1,2,0,455,3,A;T;P,Protein;DNA;DNA,435;12;8,455,Human DNA polymerase eta-DNA-araC-ended primer ternary complex:ground state at pH7.0 (K+ MES) with 1 Ca2+ ion,X-RAY DIFFRACTION,1,1.68,2023-12-04T00:00:00.000+00:00,2024-05-15T00:00:00.000+00:00,,3,,1,55.27,J.Biol.Chem.,2024,
proteinDNA,8VXA,8VXA.fasta,2,8VXA_2|Chain;8VXA_1|Chains,Protein;DNA,1174;40,1,1,0,1214,3,B;C;A,DNA;DNA;Protein,40;40;1174,1254,"Structure of HamB-DNA complex, conformation 1, from the Escherichia coli Hachiman defense system",ELECTRON MICROSCOPY,1,2.79,2024-02-03T00:00:00.000+00:00,2024-03-13T00:00:00.000+00:00,,2,,1,155.21,Biorxiv,2024,
proteinDNA,8XJW,8XJW.fasta,3,8XJW_3|Chain;8XJW_2|Chain;8XJW_1|Chain,RNA;DNA;Protein,19;18;737,1,1,1,774,3,A;B;C,Protein;DNA;RNA,737;18;19,774,Structure of the Argonaute protein from Kurthia massiliensis in complex with guide DNA and 19-mer target RNA,ELECTRON MICROSCOPY,1,2.84,2023-12-22T00:00:00.000+00:00,2024-12-18T00:00:00.000+00:00,,3,,1,97.11,Nucleic Acids Res.,2024,
proteinDNA,8XK0,8XK0.fasta,3,8XK0_3|Chain;8XK0_2|Chain;8XK0_1|Chain,DNA;DNA;Protein,19;18;737,1,2,0,774,3,A;B;C,Protein;DNA;DNA,737;18;19,774,Structure of the Argonaute protein from Kurthia massiliensis in complex with guide DNA and 19-mer target DNA in pre-cleavage state,ELECTRON MICROSCOPY,1,2.96,2023-12-22T00:00:00.000+00:00,2024-12-18T00:00:00.000+00:00,,3,,1,96.93,Nucleic Acids Res.,2024,
proteinDNA,8YVB,8YVB.fasta,3,8YVB_3|Chain;8YVB_2|Chain;8YVB_1|Chain,DNA;DNA;Protein,10;11;128,1,2,0,149,3,A;B;C,Protein;DNA;DNA,128;11;10,149,Crystal structure of Caenorhabditis elegans ZIM-1 ZF1-2-CTD domain in complex with Chromosome II/III pairing center,X-RAY DIFFRACTION,1,1.9,2024-03-28T00:00:00.000+00:00,2024-12-11T00:00:00.000+00:00,,3,,1,21.55,Nat Commun,2024,
proteinDNA,9CAY,9CAY.fasta,3,9CAY_1|Chain;9CAY_2|Chain;9CAY_3|Chain,DNA;Protein;DNA,29;628;20,1,2,0,677,3,E;A;F,DNA;Protein;DNA,29;628;20,677,Ternary structure of Plasmodium falciparum apicoplast DNA polymerase (exo-minus),ELECTRON MICROSCOPY,1,3.17,2024-06-18T00:00:00.000+00:00,2024-11-06T00:00:00.000+00:00,,3,,1,89.6,J.Mol.Biol.,2024,
proteinDNA,9F6I,9F6I.fasta,3,9F6I_3|Chain;9F6I_2|Chain;9F6I_1|Chain,DNA;DNA;Protein,31;31;1200,1,2,0,1262,3,A;P;T,Protein;DNA;DNA,1200;31;31,1262,Human DNA Polymerase epsilon bound to T-C mismatched DNA (Post-Insertion state),ELECTRON MICROSCOPY,1,3.3,2024-05-01T00:00:00.000+00:00,2024-08-07T00:00:00.000+00:00,,3,,1,157.95,Nat.Struct.Mol.Biol.,2024,
proteinDNA,9FMF,9FMF.fasta,3,9FMF_3|Chain;9FMF_2|Chain;9FMF_1|Chain,DNA;DNA;Protein,16;12;540,1,2,0,568,3,A;B;C,Protein;DNA;DNA,540;12;16,568,KlenTaq DNA polymerase in a ternary complex with primer/template and a fluorobenzofuran-modified dUTP (FBFdUTP),X-RAY DIFFRACTION,1,2.1,2024-06-06T00:00:00.000+00:00,2024-11-13T00:00:00.000+00:00,,3,,1,70.2,Angew.Chem.Int.Ed.Engl.,2025,
proteinPeptide,7H1K,7H1K.fasta,2,7H1K_2|Chain;7H1K_1|Chain,Protein;Protein,168;46,2,0,0,214,2,A;B,Protein;Protein,46;168,214,PanDDA analysis group deposition -- Crystal Structure of ZIKV NS2B-NS3 protease in complex with Z57122377,X-RAY DIFFRACTION,1,1.505,2024-04-03T00:00:00.000+00:00,2024-05-08T00:00:00.000+00:00,,2,,1,24.13,To Be Published,,
proteinPeptide,7H1O,7H1O.fasta,2,7H1O_2|Chain;7H1O_1|Chain,Protein;Protein,168;46,2,0,0,214,2,A;B,Protein;Protein,46;168,214,PanDDA analysis group deposition -- Crystal Structure of ZIKV NS2B-NS3 protease in complex with Z1962142017,X-RAY DIFFRACTION,1,1.41,2024-04-03T00:00:00.000+00:00,2024-05-08T00:00:00.000+00:00,,2,,1,23.44,To Be Published,,
proteinPeptide,7H1S,7H1S.fasta,2,7H1S_2|Chain;7H1S_1|Chain,Protein;Protein,168;46,2,0,0,214,2,A;B,Protein;Protein,46;168,214,PanDDA analysis group deposition -- Crystal Structure of ZIKV NS2B-NS3 protease in complex with Z57477251,X-RAY DIFFRACTION,1,1.376,2024-04-03T00:00:00.000+00:00,2024-05-08T00:00:00.000+00:00,,2,,1,23.55,To Be Published,,
proteinPeptide,7H2C,7H2C.fasta,2,7H2C_2|Chain;7H2C_1|Chain,Protein;Protein,168;46,2,0,0,214,2,A;B,Protein;Protein,46;168,214,PanDDA analysis group deposition -- Crystal Structure of ZIKV NS2B-NS3 protease in complex with Z1328968520,X-RAY DIFFRACTION,1,1.399,2024-04-03T00:00:00.000+00:00,2024-05-08T00:00:00.000+00:00,,2,,1,24.07,To Be Published,,
proteinPeptide,7H2O,7H2O.fasta,2,7H2O_2|Chain;7H2O_1|Chain,Protein;Protein,168;46,2,0,0,214,2,A;B,Protein;Protein,46;168,214,PanDDA analysis group deposition -- Crystal Structure of ZIKV NS2B-NS3 protease in complex with Z234898257,X-RAY DIFFRACTION,1,1.707,2024-04-03T00:00:00.000+00:00,2024-05-08T00:00:00.000+00:00,,2,,1,23.43,To Be Published,,
proteinPeptide,7H2R,7H2R.fasta,2,7H2R_2|Chain;7H2R_1|Chain,Protein;Protein,168;46,2,0,0,214,2,A;B,Protein;Protein,46;168,214,PanDDA analysis group deposition -- Crystal Structure of ZIKV NS2B-NS3 protease in complex with Z31735562,X-RAY DIFFRACTION,1,1.321,2024-04-03T00:00:00.000+00:00,2024-05-08T00:00:00.000+00:00,,2,,1,24.19,To Be Published,,
proteinPeptide,7UMI,7UMI.fasta,2,7UMI_1|Chain;7UMI_2|Chain,Protein;Protein,10;467,2,0,0,477,2,A;E,Protein;Protein,10;467,477,Importin a1 bound to Cp183-CTD,X-RAY DIFFRACTION,1,1.99,2022-04-07T00:00:00.000+00:00,2023-10-25T00:00:00.000+00:00,,2,,1,52.11,Sci Adv,2024,
proteinPeptide,7XV4,7XV4.fasta,2,7XV4_2|Chain;7XV4_1|Chain,Protein;Protein,17;121,2,0,0,138,2,A;B,Protein;Protein,121;17,138,Crystal structure of RPA70N-ATRIP fusion,X-RAY DIFFRACTION,1,1.6,2022-05-20T00:00:00.000+00:00,2023-06-14T00:00:00.000+00:00,,2,,1,15.11,Elife,2023,
proteinPeptide,7YAA,7YAA.fasta,2,7YAA_2|Chain;7YAA_1|Chain,Protein;Protein,10;141,2,0,0,151,2,A;B,Protein;Protein,141;10,151,Crystal structure analysis of cp3 bound BCLxl,X-RAY DIFFRACTION,1,1.4,2022-06-27T00:00:00.000+00:00,2023-11-15T00:00:00.000+00:00,,2,,1,17.88,Nat Commun,2024,
proteinPeptide,8B9T,8B9T.fasta,2,8B9T_2|Chain;8B9T_1|Chain,Protein;Protein,10;96,2,0,0,106,2,A;B,Protein;Protein,96;10,106,Crystal structure of Scribble PDZ1 with human papillomavirus strain 16 E6 peptide,X-RAY DIFFRACTION,1,2.5,2022-10-07T00:00:00.000+00:00,2023-10-18T00:00:00.000+00:00,,2,,1,12.36,To Be Published,,
proteinPeptide,8C1J,8C1J.fasta,2,8C1J_2|Chain;8C1J_1|Chain,Protein;Protein,13;356,2,0,0,369,2,A;B,Protein;Protein,356;13,369,Crystal Structure of Mus musculus Protein Arginine Methyltransferase 2 in complex with RSF1_18-30,X-RAY DIFFRACTION,1,2.0,2022-12-20T00:00:00.000+00:00,2024-01-10T00:00:00.000+00:00,,2,,1,42.56,To Be Published,,
proteinPeptide,8C2D,8C2D.fasta,2,8C2D_2|Chain;8C2D_1|Chain,Protein;Protein,19;236,2,0,0,255,2,AAA;PPP,Protein;Protein,236;19,255,14-3-3 in complex with Pyrin pS208,X-RAY DIFFRACTION,1,2.15,2022-12-22T00:00:00.000+00:00,2023-07-26T00:00:00.000+00:00,,2,,1,28.65,Biochem.Biophys.Res.Commun.,2023,
proteinPeptide,8C2Y,8C2Y.fasta,2,8C2Y_2|Chain;8C2Y_1|Chain,Protein;Protein,12;236,2,0,0,248,2,A;P,Protein;Protein,236;12,248,14-3-3 in complex with Pyrinp pS242,X-RAY DIFFRACTION,1,1.46,2022-12-23T00:00:00.000+00:00,2024-01-10T00:00:00.000+00:00,,2,,1,28.06,Biochem.Biophys.Res.Commun.,2023,
proteinPeptide,8FKD,8FKD.fasta,2,8FKD_2|Chain;8FKD_1|Chain,Protein;Protein,23;276,2,0,0,299,2,A;D,Protein;Protein,276;23,299,Crystal structure of PPARgamma ligand-binding domain in complex with N-CoR peptide and inverse agonist SR33068,X-RAY DIFFRACTION,1,2.22,2022-12-21T00:00:00.000+00:00,2024-04-17T00:00:00.000+00:00,,2,,1,34.5,Nat Commun,2025,
proteinPeptide,8GJG,8GJG.fasta,2,8GJG_2|Chain;8GJG_1|Chain,Protein;Protein,25;174,2,0,0,199,2,A;B,Protein;Protein,174;25,199,De novo design of high-affinity protein binders to bioactive helical peptides,X-RAY DIFFRACTION,1,1.95,2023-03-15T00:00:00.000+00:00,2024-01-10T00:00:00.000+00:00,,2,,1,23.4,Nature,2024,
proteinPeptide,8GL7,8GL7.fasta,2,8GL7_2|Chain;8GL7_1|Chain,Protein;Protein,9;248,2,0,0,257,2,A;D,Protein;Protein,248;9,257,AncAR1 - progesterone - Tif2,X-RAY DIFFRACTION,1,2.4,2023-03-21T00:00:00.000+00:00,2024-06-26T00:00:00.000+00:00,,2,,1,30.51,To Be Published,,
proteinPeptide,8HUP,8HUP.fasta,2,8HUP_2|Chain;8HUP_1|Chain,Protein;Protein,15;279,2,0,0,294,2,A;B,Protein;Protein,279;15,294,X-ray structure of human PPAR gamma ligand binding domain-seladelpar-SRC1 coactivator peptide co-crystals obtained by co-crystallization,X-RAY DIFFRACTION,1,2.36,2022-12-24T00:00:00.000+00:00,2023-08-09T00:00:00.000+00:00,,2,,1,34.16,Antioxidants,2023,
proteinPeptide,8IPL,8IPL.fasta,2,8IPL_2|Chain;8IPL_1|Chain,Protein;Protein,338;34,2,0,0,372,2,B;A,Protein;Protein,34;338,372,The structure of human mitochondrial methyltransferase METTL15 with RBFA and SAM,X-RAY DIFFRACTION,1,2.2,2023-03-14T00:00:00.000+00:00,2024-01-03T00:00:00.000+00:00,,2,,1,41.98,Cell Discov,2024,
proteinPeptide,8JJV,8JJV.fasta,2,8JJV_2|Chain;8JJV_1|Chain,Protein;Protein,14;130,2,0,0,144,2,A;B,Protein;Protein,130;14,144,Structure of truncated form of nanobody in complex with alpha-synuclein peptide,X-RAY DIFFRACTION,1,1.23,2023-05-31T00:00:00.000+00:00,2024-01-10T00:00:00.000+00:00,,2,,1,15.58,Protein Sci.,2024,
proteinPeptide,8K00,8K00.fasta,2,8K00_2|Chain;8K00_1|Chain,Protein;Protein,31;121,2,0,0,152,2,A;B,Protein;Protein,121;31,152,RPA70N-MRE11 fusion,X-RAY DIFFRACTION,1,1.4,2023-07-07T00:00:00.000+00:00,2023-09-13T00:00:00.000+00:00,,2,,1,16.41,Elife,2023,
proteinPeptide,8Q6D,8Q6D.fasta,2,8Q6D_2|Chain;8Q6D_1|Chain,Protein;Protein,20;233,2,0,0,253,2,A;B,Protein;Protein,233;20,253,"Anaerobic crystal structure of HIF prolyl hydroxylase 2 (PHD2 181-407) in complex with HIF2alpha-CODD peptide (523-542), Fe(II) and 2-oxoglutarate (2OG)",X-RAY DIFFRACTION,1,1.4,2023-08-11T00:00:00.000+00:00,2024-08-21T00:00:00.000+00:00,,2,,1,28.55,To Be Published,,
proteinPeptide,8Q6E,8Q6E.fasta,2,8Q6E_2|Chain;8Q6E_1|Chain,Protein;Protein,20;233,2,0,0,253,2,A;B,Protein;Protein,233;20,253,"Aerobic crystal structure of HIF prolyl hydroxylase 2 (PHD2 181-407) in complex with Fe(III), 2-oxoglutarate (2OG) and HIF2alpha-CODD peptide",X-RAY DIFFRACTION,1,1.37,2023-08-11T00:00:00.000+00:00,2024-08-21T00:00:00.000+00:00,,2,,1,28.69,To Be Published,,
proteinPeptide,8R25,8R25.fasta,2,8R25_2|Chain;8R25_1|Chain,Protein;Protein,14;313,2,0,0,327,2,A;B,Protein;Protein,313;14,327,Pim1 in complex with 4-(5-(4-aminophenyl)-1H-pyrazol-1-yl)benzoic acid and Pimtide,X-RAY DIFFRACTION,1,2.1,2023-11-03T00:00:00.000+00:00,2024-11-13T00:00:00.000+00:00,,2,,1,37.63,To Be Published,,
proteinPeptide,8TG8,8TG8.fasta,2,8TG8_2|Chain;8TG8_1|Chain,Protein;Protein,10;84,2,0,0,94,2,A;B,Protein;Protein,84;10,94,"Structure of Red beta C-terminal domain in complex with SSB C-terminal peptide, Form 3",X-RAY DIFFRACTION,1,1.576,2023-07-12T00:00:00.000+00:00,2024-03-13T00:00:00.000+00:00,,2,,1,10.73,J.Mol.Biol.,2024,
proteinPeptide,8TTE,8TTE.fasta,2,8TTE_2|Chain;8TTE_1|Chain,Protein;Protein,15;424,2,0,0,439,2,A;C,Protein;Protein,424;15,439,Protonated state of NorA at pH 5.0,ELECTRON MICROSCOPY,1,3.26,2023-08-13T00:00:00.000+00:00,2024-05-29T00:00:00.000+00:00,,2,,1,48.73,Nat Commun,2024,
proteinPeptide,8TUR,8TUR.fasta,2,8TUR_2|Chain;8TUR_1|Chain,Protein;Protein,35;510,2,0,0,545,2,A;B,Protein;Protein,510;35,545,Merkel Cell Polyomavirus LTA bipartite NLS bound to importin alpha 2,X-RAY DIFFRACTION,1,2.15,2023-08-17T00:00:00.000+00:00,2024-02-07T00:00:00.000+00:00,,2,,1,59.03,Protein Sci.,2024,
proteinPeptide,8UK5,8UK5.fasta,2,8UK5_2|Chain;8UK5_1|Chain,Protein;Protein,14;136,2,0,0,150,2,A;B,Protein;Protein,136;14,150,Crystal structure of the bromodomain of human ATAD2B in complex with histone H4S1(ph)K5ac,X-RAY DIFFRACTION,1,1.4,2023-10-12T00:00:00.000+00:00,2024-06-05T00:00:00.000+00:00,,2,,1,17.17,J.Med.Chem.,2024,
proteinPeptide,8VJX,8VJX.fasta,2,8VJX_2|Chain;8VJX_1|Chain,Protein;Protein,9;667,2,0,0,676,2,A;C,Protein;Protein,667;9,676,Structure of Human Neurolysin in complex with bradykinin peptide,X-RAY DIFFRACTION,1,2.89,2024-01-08T00:00:00.000+00:00,2024-08-21T00:00:00.000+00:00,,2,,1,77.74,Sci Rep,2024,
proteinPeptide,8YV6,8YV6.fasta,2,8YV6_2|Chain;8YV6_1|Chain,Protein;Protein,28;125,2,0,0,153,2,A;B,Protein;Protein,125;28,153,Crystal structure of LC3B in complex with Influenza A virus M2 peptide,X-RAY DIFFRACTION,1,1.75,2024-03-28T00:00:00.000+00:00,2024-11-13T00:00:00.000+00:00,,2,,1,18.01,To Be Published,,
proteinPeptide,9GVH,9GVH.fasta,2,9GVH_2|Chain;9GVH_1|Chain,Protein;Protein,74;35,2,0,0,109,2,A;B,Protein;Protein,35;74,109,Crystal structure of Chitin Binding Protein from Iberis umbellata L.,X-RAY DIFFRACTION,1,1.34,2024-09-24T00:00:00.000+00:00,2024-12-11T00:00:00.000+00:00,,2,,1,12.84,To be published,,
proteinProtein,7FTZ,7FTZ.fasta,1,7FTZ_1|Chains,Protein,362,1,0,0,362,2,A;B,Protein;Protein,362;362,724,"Crystal Structure of human cyclic GMP-AMP synthase in complex with 2-[2-[3-[[(5-bromo-2-hydroxybenzoyl)amino]methyl]anilino]-1,3-thiazol-4-yl]acetic acid",X-RAY DIFFRACTION,1,2.5,2023-02-08T00:00:00.000+00:00,2024-02-21T00:00:00.000+00:00,,1,,2,85.87,To be published,,
proteinProtein,7GNV,7GNV.fasta,1,7GNV_1|Chains,Protein,182,1,0,0,182,2,A;B,Protein;Protein,182;182,364,PanDDA analysis group deposition -- Crystal Structure of Enterovirus D68 3C Protease in complex with Z104474228,X-RAY DIFFRACTION,1,1.42,2023-08-24T00:00:00.000+00:00,2023-11-29T00:00:00.000+00:00,,1,,2,40.54,Biorxiv,2024,
proteinProtein,7WGE,7WGE.fasta,2,7WGE_1|Chain;7WGE_2|Chain,Protein;Protein,900;106,2,0,0,1006,2,A;B,Protein;Protein,900;106,1006,Human NLRP1 complexed with thioredoxin,ELECTRON MICROSCOPY,1,3.4,2021-12-28T00:00:00.000+00:00,2023-07-05T00:00:00.000+00:00,,2,,1,114.49,Nature,2023,
proteinProtein,7YQF,7YQF.fasta,1,7YQF_1|Chains,Protein,349,1,0,0,349,2,A;B,Protein;Protein,349;349,698,Crystal structure of PDE4D complexed with glycyrrhisoflavone,X-RAY DIFFRACTION,1,1.54,2022-08-06T00:00:00.000+00:00,2023-07-12T00:00:00.000+00:00,,1,,1,81.39,Proc.Natl.Acad.Sci.USA,2023,
proteinProtein,8BJI,8BJI.fasta,2,8BJI_2|Chain;8BJI_1|Chain,Protein;Protein,591;375,2,0,0,966,2,A;B,Protein;Protein,375;591,966,"chimera of ExoY Nucleotidyl Cyclase domain from Vibrio nigripulchritudo fused to a proline-Rich-Domain (PRD) and profilin, bound to ADP-Mg-actin and a sulfate ion",X-RAY DIFFRACTION,1,1.75,2022-11-04T00:00:00.000+00:00,2023-09-20T00:00:00.000+00:00,,2,,1,109.14,Plos Pathog.,2023,
proteinProtein,8BRE,8BRE.fasta,1,8BRE_1|Chains,Protein,368,1,0,0,368,2,A;B,Protein;Protein,368;368,736,"1,6-anhydro-n-actetylmuramic acid kinase (AnmK)",X-RAY DIFFRACTION,1,2.0,2022-11-23T00:00:00.000+00:00,2023-09-20T00:00:00.000+00:00,,1,,1,79.02,J.Biol.Chem.,2023,
proteinProtein,8BWJ,8BWJ.fasta,2,8BWJ_2|Chain;8BWJ_1|Chain,Protein;Protein,5;236,2,0,0,241,2,A;B,Protein;Protein,236;5,241,fragment-linked stabilizer for ERa - 14-3-3 interaction (1074386),X-RAY DIFFRACTION,1,1.6,2022-12-06T00:00:00.000+00:00,2023-08-02T00:00:00.000+00:00,,2,,1,27.62,Angew.Chem.Int.Ed.Engl.,2023,
proteinProtein,8C3I,8C3I.fasta,1,8C3I_1|Chains,Protein,343,1,0,0,343,2,A;B,Protein;Protein,343;343,686,Dark state of PAS-GAF fragment from Deinococcus radiodurans phytochrome,X-RAY DIFFRACTION,1,2.1,2022-12-24T00:00:00.000+00:00,2024-01-10T00:00:00.000+00:00,,1,,1,75.63,To Be Published,,
proteinProtein,8EY4,8EY4.fasta,2,8EY4_2|Chain;8EY4_1|Chain,Protein;Protein,88;70,2,0,0,158,2,I;A,Protein;Protein,70;88,158,Contact-dependent growth inhibition toxin-immunity protein complex from E. coli O32:H37,X-RAY DIFFRACTION,1,1.83,2022-10-26T00:00:00.000+00:00,2023-11-08T00:00:00.000+00:00,,2,,1,17.87,To Be Published,,
proteinProtein,8FMV,8FMV.fasta,2,8FMV_2|Chain;8FMV_1|Chain,Protein;Protein,607;681,2,0,0,1288,2,D;C,Protein;Protein,681;607,1288,Heterodimeric ABC transporter BmrCD in the inward-facing conformation bound to substrate and ATP: BmrCD_IF-2HT/ATP,ELECTRON MICROSCOPY,1,3.34,2022-12-24T00:00:00.000+00:00,2023-11-15T00:00:00.000+00:00,,2,,1,162.12,Nat Commun,2023,
proteinProtein,8G0F,8G0F.fasta,1,8G0F_1|Chains,Protein,538,1,0,0,538,2,A;B,Protein;Protein,538;538,1076,Crystal structure of diphtheria toxin H223Q/H257Q double mutant (pH 5.5),X-RAY DIFFRACTION,1,2.25,2023-01-31T00:00:00.000+00:00,2023-07-05T00:00:00.000+00:00,,1,,1,117.45,Toxins,2023,
proteinProtein,8GX2,8GX2.fasta,1,8GX2_1|Chains,Protein,333,1,0,0,333,2,A;B,Protein;Protein,333;333,666,The crystal structure of human CtsL in complex with 14c,X-RAY DIFFRACTION,1,2.0,2022-09-18T00:00:00.000+00:00,2023-09-20T00:00:00.000+00:00,,1,,2,76.55,To Be Published,,
proteinProtein,8I06,8I06.fasta,1,8I06_1|Chains,Protein,280,1,0,0,280,2,A;B,Protein;Protein,280;280,560,Crystal structure of serine acetyltransferase from Salmonella typhimurium complexed with CoA,X-RAY DIFFRACTION,1,2.5,2023-01-10T00:00:00.000+00:00,2023-11-22T00:00:00.000+00:00,,1,,1,62.29,Front Microbiol,2023,
proteinProtein,8I3X,8I3X.fasta,1,8I3X_1|Chains,Protein,71,1,0,0,71,2,A;B,Protein;Protein,71;71,142,Rice APIP6-RING homodimer,X-RAY DIFFRACTION,1,1.78,2023-01-18T00:00:00.000+00:00,2023-11-29T00:00:00.000+00:00,,1,,1,15.93,Phytopathol Res,2023,
proteinProtein,8I6H,8I6H.fasta,1,8I6H_1|Chains,Protein,311,1,0,0,311,2,A;B,Protein;Protein,311;311,622,Crystal structure of the African swine fever virus DNA sliding clamp (selenomethionine form),X-RAY DIFFRACTION,1,2.292,2023-01-28T00:00:00.000+00:00,2023-06-07T00:00:00.000+00:00,,1,,2,73.64,J.Biol.Chem.,2023,
proteinProtein,8II2,8II2.fasta,1,8II2_1|Chains,Protein,159,1,0,0,159,2,A;B,Protein;Protein,159;159,318,Crystal structure of V30M-TTR in complex with BBM,X-RAY DIFFRACTION,1,1.798,2023-02-24T00:00:00.000+00:00,2023-06-28T00:00:00.000+00:00,,1,,1,35.57,Bioorg.Med.Chem.,2023,
proteinProtein,8JI3,8JI3.fasta,1,8JI3_1|Chains,Protein,249,1,0,0,249,2,A;B,Protein;Protein,249;249,498,"Crystal structure of AetD in complex with 5,7-dibromo-L-tryptophan and two Fe2+",X-RAY DIFFRACTION,1,1.78,2023-05-26T00:00:00.000+00:00,2023-11-15T00:00:00.000+00:00,,1,,1,58.31,Nat Commun,2023,
proteinProtein,8PIF,8PIF.fasta,1,8PIF_1|Chains,Protein,363,1,0,0,363,2,A;B,Protein;Protein,363;363,726,Fragment 12 in complex with KLHDC2,X-RAY DIFFRACTION,1,1.782,2023-06-21T00:00:00.000+00:00,2023-07-12T00:00:00.000+00:00,,1,,2,83.02,To Be Published,,
proteinProtein,8PO4,8PO4.fasta,1,8PO4_1|Chains,Protein,328,1,0,0,328,2,A;B,Protein;Protein,328;328,656,"Discovery and Optimisation of Potent, Efficacious and Selective Inhibitors Targeting EGFR Exon20 Insertion Mutations. Compound 33 bound to EGFR[V948R]",X-RAY DIFFRACTION,1,1.621,2023-07-03T00:00:00.000+00:00,2024-06-05T00:00:00.000+00:00,,1,,2,75.91,J.Med.Chem.,2024,
proteinProtein,8PUR,8PUR.fasta,2,8PUR_2|Chain;8PUR_1|Chain,Protein;Protein,146;141,2,0,0,287,2,A;B,Protein;Protein,141;146,287,DexyHemoglobin structure from serial synchrotron crystallography with fixed target,X-RAY DIFFRACTION,1,1.85,2023-07-17T00:00:00.000+00:00,2023-10-18T00:00:00.000+00:00,,2,,1,32.39,Acta Crystallogr D Struct Biol,2023,
proteinProtein,8QN3,8QN3.fasta,1,8QN3_1|Chains,Protein,402,1,0,0,402,2,A;B,Protein;Protein,402;402,804,OPR3 wildtype in complex with NADH4,X-RAY DIFFRACTION,1,1.75,2023-09-25T00:00:00.000+00:00,2024-01-17T00:00:00.000+00:00,,1,,2,91.24,Febs J.,2024,
proteinProtein,8QOM,8QOM.fasta,1,8QOM_1|Chains,Protein,140,1,0,0,140,2,A;B,Protein;Protein,140;140,280,Capra hircus reactive intermediate deaminase A mutant - R107W,X-RAY DIFFRACTION,1,1.654,2023-09-29T00:00:00.000+00:00,2024-06-26T00:00:00.000+00:00,,1,,2,29.24,Protein Sci.,2024,
proteinProtein,8ROE,8ROE.fasta,2,8ROE_2|Chain;8ROE_1|Chain,Protein;Protein,81;366,2,0,0,447,2,A;B,Protein;Protein,366;81,447,Human cohesin SMC1A-HD(shortCC-EQ)/RAD21-C complex - ADP-bound conformation,X-RAY DIFFRACTION,1,1.36,2024-01-11T00:00:00.000+00:00,2024-09-11T00:00:00.000+00:00,,2,,1,50.3,Cell Rep,2024,
proteinProtein,8SH8,8SH8.fasta,1,8SH8_1|Chains,Protein,169,1,0,0,169,2,A;B,Protein;Protein,169;169,338,Crystal structure of SARS-CoV-2 NSP3 macrodomain Asn40Asp mutant in complex with ADP-ribose (P43 crystal form),X-RAY DIFFRACTION,1,0.9,2023-04-13T00:00:00.000+00:00,2024-05-01T00:00:00.000+00:00,,1,,2,36.92,To Be Published,,
proteinProtein,8TA3,8TA3.fasta,1,8TA3_1|Chains,Protein,869,1,0,0,869,2,A;B,Protein;Protein,869;869,1738,Cryo-EM structure of the human CLC-2 chloride channel transmembrane domain Apo state with resolved N-terminal hairpin,ELECTRON MICROSCOPY,1,2.46,2023-06-26T00:00:00.000+00:00,2024-01-31T00:00:00.000+00:00,,1,,1,191.05,Elife,2024,
proteinProtein,8YYP,8YYP.fasta,1,8YYP_1|Chains,Protein,412,1,0,0,412,2,A;B,Protein;Protein,412;412,824,Crystal structure of PtmB in complex with cyclo-(L-Trp-L-Trp) and Adenine,X-RAY DIFFRACTION,1,2.6,2024-04-04T00:00:00.000+00:00,2024-11-20T00:00:00.000+00:00,,1,,1,92.47,Proc.Natl.Acad.Sci.USA,2024,
proteinProtein,8ZB4,8ZB4.fasta,1,8ZB4_1|Chains,Protein,318,1,0,0,318,2,A;B,Protein;Protein,318;318,636,Crystal structure of NudC from Mycobacterium abscessus in complex with NAD,X-RAY DIFFRACTION,1,2.7,2024-04-26T00:00:00.000+00:00,2024-12-11T00:00:00.000+00:00,,1,,1,71.42,J.Mol.Biol.,2024,
proteinProtein,9B3B,9B3B.fasta,1,9B3B_1|Chains,Protein,461,1,0,0,461,2,A;B,Protein;Protein,461;461,922,Structure of TDP1 complexed with compound IB09,X-RAY DIFFRACTION,1,1.62,2024-03-18T00:00:00.000+00:00,2024-09-25T00:00:00.000+00:00,,1,,2,105.82,To Be Published,,
proteinProtein,9F42,9F42.fasta,2,9F42_2|Chain;9F42_1|Chain,Protein;Protein,13;1363,2,0,0,1376,2,E;G,Protein;Protein,1363;13,1376,"cryo-EM structure of LST2 TOS peptide bound to human mTOR complex 1, focused on RAPTOR",ELECTRON MICROSCOPY,1,3.27,2024-04-26T00:00:00.000+00:00,2024-08-14T00:00:00.000+00:00,,2,,1,154.43,Proc.Natl.Acad.Sci.USA,2024,
proteinProtein,9IWS,9IWS.fasta,1,9IWS_1|Chains,Protein,631,1,0,0,631,2,A;B,Protein;Protein,631;631,1262,Cryo EM structure of human phosphate channel XPR1 in complex with IP7,ELECTRON MICROSCOPY,1,2.86,2024-07-25T00:00:00.000+00:00,2024-10-09T00:00:00.000+00:00,,1,,1,151.15,Science,2024,
proteinRNA,7EXA,7EXA.fasta,2,7EXA_2|Chain;7EXA_1|Chain,RNA;Protein,6;549,1,0,1,555,2,A;B,Protein;RNA,549;6,555,Structure of mumps virus nucleoprotein without C-arm,ELECTRON MICROSCOPY,1,2.9,2021-05-26T00:00:00.000+00:00,2024-08-21T00:00:00.000+00:00,,2,,1,63.26,Commun Biol,2021,
proteinRNA,7YFX,7YFX.fasta,2,7YFX_2|Chain;7YFX_1|Chain,RNA;Protein,26;1011,1,0,1,1037,2,A;B,Protein;RNA,1011;26,1037,Cryo-EM structure of Hili in complex with piRNA,ELECTRON MICROSCOPY,1,3.4,2022-07-09T00:00:00.000+00:00,2024-01-24T00:00:00.000+00:00,,2,,1,122.72,Nat.Struct.Mol.Biol.,2024,
proteinRNA,7YG6,7YG6.fasta,2,7YG6_2|Chain;7YG6_1|Chain,Protein;RNA,806;25,1,0,1,831,2,B;A,RNA;Protein,25;806,831,Cryo-EM structure of the EfPiwi(N959K) in complex with piRNA,ELECTRON MICROSCOPY,1,3.2,2022-07-11T00:00:00.000+00:00,2024-01-24T00:00:00.000+00:00,,2,,1,100.66,Nat.Struct.Mol.Biol.,2024,
proteinRNA,7YGN,7YGN.fasta,2,7YGN_1|Chain;7YGN_2|Chain,Protein;RNA,801;26,1,0,1,827,2,A;B,Protein;RNA,801;26,827,Cryo-EM structure of the Mili in complex with piRNA,ELECTRON MICROSCOPY,1,3.0,2022-07-11T00:00:00.000+00:00,2024-01-24T00:00:00.000+00:00,,2,,1,100.16,Nat.Struct.Mol.Biol.,2024,
proteinRNA,8AXB,8AXB.fasta,2,8AXB_2|Chain;8AXB_1|Chain,RNA;Protein,261;651,1,0,1,912,2,A;B,Protein;RNA,651;261,912,Cryo-EM structure of Cas12k-sgRNA binary complex (type V-K CRISPR-associated transposon),ELECTRON MICROSCOPY,1,2.87,2022-08-31T00:00:00.000+00:00,2024-04-10T00:00:00.000+00:00,,2,,1,158.74,Mol.Cell,2024,
proteinRNA,8B9G,8B9G.fasta,2,8B9G_2|Chain;8B9G_1|Chain,RNA;Protein,10;1159,1,0,1,1169,2,A;C,Protein;RNA,1159;10,1169,Cryo-EM structure of MLE in complex with ADP:AlF4 and U10 RNA,ELECTRON MICROSCOPY,1,2.86,2022-10-06T00:00:00.000+00:00,2023-10-18T00:00:00.000+00:00,,2,,1,134.01,Mol.Cell,2023,
proteinRNA,8B9I,8B9I.fasta,2,8B9I_1|Chain;8B9I_2|Chain,Protein;RNA,1159;12,1,0,1,1171,2,A;C,Protein;RNA,1159;12,1171,Cryo-EM structure of MLE in complex with ADP:AlF4 and UUC RNA,ELECTRON MICROSCOPY,1,2.95,2022-10-06T00:00:00.000+00:00,2023-10-18T00:00:00.000+00:00,,2,,1,134.64,Mol.Cell,2023,
proteinRNA,8C4T,8C4T.fasta,2,8C4T_2|Chain;8C4T_1|Chain,RNA;Protein,20;2173,1,0,1,2193,2,A;C,Protein;RNA,2173;20,2193,Hantaan virus polymerase bound to its 5' viral RNA,ELECTRON MICROSCOPY,1,3.23,2023-01-04T00:00:00.000+00:00,2023-06-07T00:00:00.000+00:00,,2,,1,255.91,Nat Commun,2023,
proteinRNA,8CBW,8CBW.fasta,2,8CBW_2|Chain;8CBW_1|Chain,RNA;Protein,6;532,1,0,1,538,2,A;1,Protein;RNA,532;6,538,CryoEM structure of the Hendra henipavirus nucleocapsid sauronoid assembly monomer,ELECTRON MICROSCOPY,1,3.485,2023-01-26T00:00:00.000+00:00,2024-06-26T00:00:00.000+00:00,,2,,1,60.33,Sci Rep,2024,
proteinRNA,8CI5,8CI5.fasta,2,8CI5_2|Chain;8CI5_1|Chain,RNA;Protein,18;2153,1,0,1,2171,2,A;C,Protein;RNA,2153;18,2171,Structure of the SNV L protein bound to 5' RNA,ELECTRON MICROSCOPY,1,3.2,2023-02-08T00:00:00.000+00:00,2023-07-19T00:00:00.000+00:00,,2,,1,252.64,Plos Pathog.,2023,
proteinRNA,8EWG,8EWG.fasta,2,8EWG_2|Chain;8EWG_1|Chain,RNA;Protein,60;1225,1,0,1,1285,2,A;B,Protein;RNA,1225;60,1285,Cryo-EM structure of a riboendonclease,ELECTRON MICROSCOPY,1,2.9,2022-10-23T00:00:00.000+00:00,2023-08-30T00:00:00.000+00:00,,2,,1,162.88,J.Mol.Biol.,2023,
proteinRNA,8EY6,8EY6.fasta,2,8EY6_2|Chain;8EY6_1|Chain,DNA;Protein,6;99,1,1,0,105,2,A;B,Protein;RNA,99;6,105,LaM domain of human LARP1 in complex with AAAAAG RNA,X-RAY DIFFRACTION,1,1.63,2022-10-26T00:00:00.000+00:00,2023-11-01T00:00:00.000+00:00,,2,,1,14.04,Rna Biol.,2024,
proteinRNA,8G90,8G90.fasta,2,8G90_2|Chain;8G90_1|Chain,DNA;Protein,6;99,1,1,0,105,2,A;B,Protein;RNA,99;6,105,LaM domain of human LARP1 in complex with Sp phosphorothioate isomer of AAAAA(SRA) RNA,X-RAY DIFFRACTION,1,1.2,2023-02-20T00:00:00.000+00:00,2024-04-17T00:00:00.000+00:00,,2,,1,13.75,Rna Biol.,2024,
proteinRNA,8I3Q,8I3Q.fasta,2,8I3Q_2|Chain;8I3Q_1|Chain,Protein;RNA,767;139,1,0,1,906,2,C;A,RNA;Protein,139;767,906,Cryo-EM structure of Cas12g-sgRNA binary complex,ELECTRON MICROSCOPY,1,3.1,2023-01-17T00:00:00.000+00:00,2023-09-06T00:00:00.000+00:00,,2,,1,134.68,Plos Genet.,2023,
proteinRNA,8IBY,8IBY.fasta,2,8IBY_1|Chain;8IBY_2|Chain,RNA;Protein,226;1114,1,0,1,1340,2,E;C,RNA;Protein,226;1114,1340,Structure of R2 with 5'ORF,ELECTRON MICROSCOPY,1,3.47,2023-02-10T00:00:00.000+00:00,2023-09-20T00:00:00.000+00:00,,2,,1,196.37,Cell,2023,
proteinRNA,8IBZ,8IBZ.fasta,2,8IBZ_2|Chain;8IBZ_1|Chain,RNA;Protein,203;1114,1,0,1,1317,2,C;E,Protein;RNA,1114;203,1317,Structure of R2 with 5'ORF and 3'UTR,ELECTRON MICROSCOPY,1,3.04,2023-02-10T00:00:00.000+00:00,2023-09-20T00:00:00.000+00:00,,2,,1,188.95,Cell,2023,
proteinRNA,8JTR,8JTR.fasta,2,8JTR_1|Chain;8JTR_2|Chain,Protein;RNA,1095;139,1,0,1,1234,2,A;B,Protein;RNA,1095;139,1234,Cryo-EM structure of GeoCas9-sgRNA binary complex,ELECTRON MICROSCOPY,1,3.21,2023-06-22T00:00:00.000+00:00,2024-06-05T00:00:00.000+00:00,,2,,1,172.87,Acs Catalysis,2024,
proteinRNA,8KI8,8KI8.fasta,2,8KI8_1|Chain;8KI8_2|Chain,Protein;RNA,1775;10,1,0,1,1785,2,A;E,Protein;RNA,1775;10,1785,structure of Tomato spotted wilt virus L protein binding to 5'vRNA,ELECTRON MICROSCOPY,1,3.2,2023-08-23T00:00:00.000+00:00,2024-09-25T00:00:00.000+00:00,,2,,1,207.47,Nat.Plants,2025,
proteinRNA,8P1M,8P1M.fasta,2,8P1M_1|Chain;8P1M_2|Chain,Protein;RNA,2196;17,1,0,1,2213,2,A;D,Protein;RNA,2196;17,2213,Structure of hantaan orthohantavirus (HTNV) polymerase bound to 5'vRNA and NTP Mg,ELECTRON MICROSCOPY,1,3.23,2023-05-12T00:00:00.000+00:00,2024-05-22T00:00:00.000+00:00,,2,,1,257.77,Plos Pathog.,2024,
proteinRNA,8P1N,8P1N.fasta,2,8P1N_2|Chain;8P1N_1|Chain,RNA;Protein,17;2196,1,0,1,2213,2,A;B,Protein;RNA,2196;17,2213,Structure of hantaan orthohantavirus (HTNV) polymerase bound to 5'vRNA,ELECTRON MICROSCOPY,1,2.79,2023-05-12T00:00:00.000+00:00,2024-05-22T00:00:00.000+00:00,,2,,1,257.21,Plos Pathog.,2024,
proteinRNA,8PDL,8PDL.fasta,2,8PDL_1|Chain;8PDL_2|Chain,Protein;DNA,394;7,1,1,0,401,2,A;B,Protein;RNA,394;7,401,10-mer ring of human metapneumovirus (HMPV) N-RNA,ELECTRON MICROSCOPY,1,3.1,2023-06-12T00:00:00.000+00:00,2023-12-06T00:00:00.000+00:00,,2,,1,45.67,Nat Commun,2023,
proteinRNA,8PDM,8PDM.fasta,2,8PDM_1|Chain;8PDM_2|Chain,Protein;DNA,394;7,1,1,0,401,2,A;B,Protein;RNA,394;7,401,11-mer ring of human metapneumovirus (HMPV) N-RNA,ELECTRON MICROSCOPY,1,3.3,2023-06-12T00:00:00.000+00:00,2023-12-06T00:00:00.000+00:00,,2,,1,45.67,Nat Commun,2023,
proteinRNA,8POT,8POT.fasta,2,8POT_1|Chain;8POT_2|Chain,Protein;RNA,880;87,1,0,1,967,2,A;B,Protein;RNA,880;87,967,"Ternary complex of E. coli leucyl-tRNA synthetase, tRNA(leu) and the benzoxaborole cmpd9 in the editing conformation",X-RAY DIFFRACTION,1,2.149,2023-07-05T00:00:00.000+00:00,2024-06-12T00:00:00.000+00:00,,2,,1,128.44,Sci Adv,2024,
proteinRNA,8QGT,8QGT.fasta,2,8QGT_2|Chain;8QGT_1|Chain,RNA;Protein,25;2173,1,0,1,2198,2,A;C,Protein;RNA,2173;25,2198,5'vRNA-bound Hantaan virus polymerase in monomeric intermediate state,ELECTRON MICROSCOPY,1,2.8,2023-09-05T00:00:00.000+00:00,2024-03-27T00:00:00.000+00:00,,2,,1,257.52,Nat Commun,2024,
proteinRNA,8QH3,8QH3.fasta,2,8QH3_2|Chain;8QH3_1|Chain,RNA;Protein,25;2173,1,0,1,2198,2,A;C,Protein;RNA,2173;25,2198,5'vRNA-bound Hantaan virus polymerase in monomeric active state,ELECTRON MICROSCOPY,1,2.81,2023-09-06T00:00:00.000+00:00,2024-03-27T00:00:00.000+00:00,,2,,1,257.55,Nat Commun,2024,
proteinRNA,8R3Z,8R3Z.fasta,2,8R3Z_1|Chain;8R3Z_2|Chain,Protein;RNA,817;21,1,0,1,838,2,A;B,Protein;RNA,817;21,838,Cryo-EM structure of the Asgard archaeal Argonaute HrAgo1 bound to a guide RNA,ELECTRON MICROSCOPY,1,3.4,2023-11-10T00:00:00.000+00:00,2024-06-19T00:00:00.000+00:00,,2,,1,102.21,Nat Commun,2024,
proteinRNA,8SCZ,8SCZ.fasta,2,8SCZ_2|Chain;8SCZ_1|Chain,RNA;Protein,64;887,1,0,1,951,2,A;B,Protein;RNA,887;64,951,Cryo-EM structure of 14aa-GS RIG-I in complex with p3SLR30,ELECTRON MICROSCOPY,1,3.4,2023-04-06T00:00:00.000+00:00,2024-03-13T00:00:00.000+00:00,,2,,1,122.6,To Be Published,,
proteinRNA,8T2S,8T2S.fasta,2,8T2S_2|Chain;8T2S_1|Chain,RNA;Protein,652;427,1,0,1,1079,2,D;B,Protein;RNA,427;652,1079,Structure of a group II intron ribonucleoprotein in the pre-branching (pre-1F) state,ELECTRON MICROSCOPY,1,3.0,2023-06-06T00:00:00.000+00:00,2023-11-22T00:00:00.000+00:00,,2,,1,260.76,Nature,2023,
proteinRNA,8X0N,8X0N.fasta,2,8X0N_2|Chain;8X0N_1|Chain,RNA;Protein,12;202,1,0,1,214,2,A;B,Protein;RNA,202;12,214,The molecular mechanism of hnRNPA1 recognize TERRA RNA.,X-RAY DIFFRACTION,1,2.8,2023-11-05T00:00:00.000+00:00,2024-11-06T00:00:00.000+00:00,,2,,1,27.04,J Mol Cell Biol,2025,
proteinRNA,9C3I,9C3I.fasta,2,9C3I_2|Chain;9C3I_1|Chain,RNA;Protein,86;609,1,0,1,695,2,S;A,Protein;RNA,609;86,695,Rebuilt CNOT3/tRNA-LEU structure,ELECTRON MICROSCOPY,1,3.1,2024-06-01T00:00:00.000+00:00,2024-12-04T00:00:00.000+00:00,,2,,1,91.86,Science,2024,
