Category,Predictor,lDDT,TM-score,RMSD,DockQ
Protein-Protein,AF3,0.892 (0.856-0.924),0.923 (0.580-0.975),3.455 (1.618-17.044),0.633 (0.036-0.852)
Protein-Protein,Boltz,0.893 (0.858-0.924),0.828 (0.502-0.978),4.443 (1.255-21.025),0.372 (0.009-0.870)
Protein-Protein,Chai,0.898 (0.858-0.930),0.929 (0.503-0.983),3.400 (1.381-18.039),0.659 (0.010-0.869)
Protein-Protein,Protenix,0.882 (0.841-0.927),0.923 (0.507-0.972),3.248 (1.464-21.184),0.634 (0.011-0.850)
Protein-Protein,IntelliFold,0.869 (0.838-0.903),0.848 (0.503-0.968),4.735 (1.593-19.002),0.429 (0.010-0.762)
Protein-Antibody,AF3,0.900 (0.884-0.924),0.956 (0.910-0.977),1.855 (1.180-3.026),0.788 (0.668-0.822)
Protein-Antibody,Boltz,0.897 (0.884-0.923),0.949 (0.895-0.980),2.099 (1.036-3.190),0.764 (0.609-0.841)
Protein-Antibody,Chai,0.888 (0.871-0.914),0.945 (0.850-0.970),2.212 (1.161-3.615),0.732 (0.630-0.803)
Protein-Antibody,Protenix,0.886 (0.873-0.917),0.916 (0.844-0.970),2.342 (1.534-4.518),0.714 (0.585-0.796)
Protein-Antibody,IntelliFold,0.890 (0.873-0.920),0.939 (0.905-0.971),2.096 (1.320-3.120),0.746 (0.662-0.806)
Protein-DNA,AF3,0.881 (0.794-0.916),0.963 (0.941-0.977),1.472 (1.073-7.499),0.819 (0.271-0.852)
Protein-DNA,Boltz,0.893 (0.789-0.919),0.958 (0.936-0.989),1.273 (0.685-2.789),0.812 (0.549-0.875)
Protein-DNA,Chai,0.893 (0.776-0.931),0.953 (0.944-0.987),1.339 (1.085-2.341),0.811 (0.681-0.881)
Protein-DNA,Protenix,0.901 (0.796-0.922),0.963 (0.956-0.982),1.074 (0.909-2.469),0.856 (0.695-0.886)
Protein-DNA,IntelliFold,0.869 (0.783-0.893),0.963 (0.938-0.984),1.242 (0.879-2.617),0.807 (0.639-0.859)
Protein-RNA,AF3,0.804 (0.743-0.840),0.955 (0.914-0.977),2.211 (1.628-5.953),0.345 (0.008-0.587)
Protein-RNA,Boltz,0.767 (0.644-0.831),0.908 (0.807-0.957),3.919 (2.816-14.684),0.034 (0.007-0.373)
Protein-RNA,Chai,0.750 (0.674-0.794),0.905 (0.801-0.947),4.157 (2.146-9.878),0.092 (0.013-0.367)
Protein-RNA,Protenix,0.778 (0.650-0.810),0.934 (0.765-0.952),3.212 (2.364-8.775),0.135 (0.005-0.341)
Protein-RNA,IntelliFold,0.759 (0.630-0.806),0.928 (0.705-0.949),5.115 (2.827-12.137),0.070 (0.007-0.289)
Protein-Peptide,AF3,0.915 (0.861-0.954),0.977 (0.943-0.991),1.095 (0.696-1.685),0.755 (0.443-0.915)
Protein-Peptide,Boltz,0.908 (0.861-0.955),0.975 (0.942-0.987),1.261 (0.787-4.605),0.779 (0.144-0.918)
Protein-Peptide,Chai,0.908 (0.874-0.946),0.976 (0.951-0.988),1.321 (0.703-1.935),0.713 (0.405-0.933)
Protein-Peptide,Protenix,0.915 (0.862-0.952),0.985 (0.945-0.988),1.018 (0.738-1.849),0.870 (0.620-0.924)
Protein-Peptide,IntelliFold,0.901 (0.875-0.961),0.976 (0.957-0.993),1.101 (0.663-2.390),0.788 (0.236-0.929)
