predictor,metric,n,mean,std,median,q25,q75,min,max,zero_count,zero_percent,normalized_mean_per_100,normalized_median_per_100,normalized_q25_per_100,normalized_q75_per_100
AF3,num_clashes,150,4.8933333333333335,18.604735872030243,0.0,0.0,1.0,0.0,178.0,101,67.33333333333333,0.5170137224285762,0.0,0.0,0.22948207963929967
AF3,num_bad_bonds,150,0.4066666666666667,0.7427200748732236,0.0,0.0,1.0,0.0,4.0,108,72.0,0.13169716750978855,0.0,0.0,0.0754661267189741
AF3,num_bad_angles,150,0.52,0.9027920896014651,0.0,0.0,1.0,0.0,3.0,105,70.0,0.13620856546036553,0.0,0.0,0.09083762217387784
Boltz,num_clashes,138,4.630434782608695,22.497388684462987,0.0,0.0,2.0,0.0,248.0,89,64.4927536231884,0.6113308096443849,0.0,0.0,0.29424014977156404
Boltz,num_bad_bonds,138,0.09420289855072464,0.48159832976497435,0.0,0.0,0.0,0.0,4.0,131,94.92753623188406,0.04846224441740495,0.0,0.0,0.0
Boltz,num_bad_angles,138,0.21739130434782608,0.5088864390087884,0.0,0.0,0.0,0.0,3.0,113,81.88405797101449,0.0682159470464401,0.0,0.0,0.0
Chai,num_clashes,125,4.68,17.68387273305001,0.0,0.0,2.0,0.0,134.0,68,54.400000000000006,0.8851293717692438,0.0,0.0,0.5908419497784343
Chai,num_bad_bonds,125,0.12,0.8853648783083365,0.0,0.0,0.0,0.0,7.0,122,97.6,0.0210956972405072,0.0,0.0,0.0
Chai,num_bad_angles,125,0.136,0.892116005764909,0.0,0.0,0.0,0.0,7.0,120,96.0,0.024073172209291414,0.0,0.0,0.0
Protenix,num_clashes,141,4.460992907801418,12.939705080816982,1.0,0.0,3.0,0.0,119.0,60,42.5531914893617,0.6558256050779364,0.21231422505307856,0.0,0.6218905472636816
Protenix,num_bad_bonds,141,0.3333333333333333,0.7037315505489968,0.0,0.0,0.0,0.0,4.0,108,76.59574468085107,0.08562018830672172,0.0,0.0,0.0
Protenix,num_bad_angles,141,1.0638297872340425,3.1264145734541318,0.0,0.0,1.0,0.0,21.0,101,71.63120567375887,0.20024930626644408,0.0,0.0,0.15015015015015015
IntelliFold,num_clashes,141,9.815602836879433,33.2816128637505,1.0,0.0,3.0,0.0,279.0,66,46.808510638297875,1.122099743603211,0.15527950310559005,0.0,0.7246376811594203
IntelliFold,num_bad_bonds,141,0.5531914893617021,1.6579916074011851,0.0,0.0,1.0,0.0,17.0,102,72.3404255319149,0.224380518102596,0.0,0.0,0.09643201542912247
IntelliFold,num_bad_angles,141,0.3617021276595745,0.7198868536560932,0.0,0.0,1.0,0.0,4.0,105,74.46808510638297,0.14933003549719592,0.0,0.0,0.07267441860465117
