category,predictor,metric,n,median,q25,q75,mean,zero_percent,normalized_median_per_100
Protein-Protein,AF3,num_clashes,30,0.0,0.0,0.0,0.13333333333333333,96.66666666666667,0.0
Protein-Protein,AF3,num_bad_bonds,30,0.0,0.0,0.0,0.0,100.0,0.0
Protein-Protein,AF3,num_bad_angles,30,0.0,0.0,0.0,0.03333333333333333,96.66666666666667,0.0
Protein-Protein,Boltz,num_clashes,27,0.0,0.0,0.0,0.6666666666666666,81.48148148148148,0.0
Protein-Protein,Boltz,num_bad_bonds,27,0.0,0.0,0.0,0.0,100.0,0.0
Protein-Protein,Boltz,num_bad_angles,27,0.0,0.0,0.0,0.0,100.0,0.0
Protein-Protein,Chai,num_clashes,25,0.0,0.0,1.0,0.72,68.0,0.0
Protein-Protein,Chai,num_bad_bonds,25,0.0,0.0,0.0,0.0,100.0,0.0
Protein-Protein,Chai,num_bad_angles,25,0.0,0.0,0.0,0.0,100.0,0.0
Protein-Protein,Protenix,num_clashes,29,0.0,0.0,3.0,2.6206896551724137,55.172413793103445,0.0
Protein-Protein,Protenix,num_bad_bonds,29,0.0,0.0,0.0,0.2413793103448276,75.86206896551724,0.0
Protein-Protein,Protenix,num_bad_angles,29,0.0,0.0,1.0,1.1379310344827587,62.06896551724138,0.0
Protein-Protein,IntelliFold,num_clashes,29,1.0,0.0,4.0,3.6551724137931036,41.37931034482759,0.10351966873706005
Protein-Protein,IntelliFold,num_bad_bonds,29,0.0,0.0,0.0,0.8620689655172413,82.75862068965517,0.0
Protein-Protein,IntelliFold,num_bad_angles,29,0.0,0.0,0.0,0.2413793103448276,82.75862068965517,0.0
Protein-Antibody,AF3,num_clashes,30,0.0,0.0,0.0,0.03333333333333333,96.66666666666667,0.0
Protein-Antibody,AF3,num_bad_bonds,30,0.0,0.0,0.0,0.0,100.0,0.0
Protein-Antibody,AF3,num_bad_angles,30,0.0,0.0,0.0,0.0,100.0,0.0
Protein-Antibody,Boltz,num_clashes,30,0.0,0.0,0.0,0.2,83.33333333333334,0.0
Protein-Antibody,Boltz,num_bad_bonds,30,0.0,0.0,0.0,0.0,100.0,0.0
Protein-Antibody,Boltz,num_bad_angles,30,0.0,0.0,0.0,0.0,100.0,0.0
Protein-Antibody,Chai,num_clashes,30,0.0,0.0,0.0,0.7666666666666667,80.0,0.0
Protein-Antibody,Chai,num_bad_bonds,30,0.0,0.0,0.0,0.23333333333333334,96.66666666666667,0.0
Protein-Antibody,Chai,num_bad_angles,30,0.0,0.0,0.0,0.23333333333333334,96.66666666666667,0.0
Protein-Antibody,Protenix,num_clashes,30,1.0,0.0,1.0,0.8666666666666667,46.666666666666664,0.20640912034354658
Protein-Antibody,Protenix,num_bad_bonds,30,0.0,0.0,0.0,0.3,76.66666666666667,0.0
Protein-Antibody,Protenix,num_bad_angles,30,0.0,0.0,0.0,0.43333333333333335,76.66666666666667,0.0
Protein-Antibody,IntelliFold,num_clashes,30,0.0,0.0,1.0,0.4666666666666667,66.66666666666666,0.0
Protein-Antibody,IntelliFold,num_bad_bonds,30,0.0,0.0,0.0,0.23333333333333334,80.0,0.0
Protein-Antibody,IntelliFold,num_bad_angles,30,0.0,0.0,0.0,0.2,80.0,0.0
Protein-DNA,AF3,num_clashes,30,1.0,0.0,3.0,8.7,30.0,0.25067549143551227
Protein-DNA,AF3,num_bad_bonds,30,2.0,1.0,2.0,1.6,3.3333333333333335,0.39729527608126636
Protein-DNA,AF3,num_bad_angles,30,1.5,1.0,2.0,1.5666666666666667,13.333333333333334,0.2692549888172323
Protein-DNA,Boltz,num_clashes,28,1.5,0.0,3.25,2.4285714285714284,35.714285714285715,0.27690945385287735
Protein-DNA,Boltz,num_bad_bonds,28,0.0,0.0,0.0,0.39285714285714285,82.14285714285714,0.0
Protein-DNA,Boltz,num_bad_angles,28,0.0,0.0,1.0,0.5714285714285714,57.14285714285714,0.0
Protein-DNA,Chai,num_clashes,25,1.0,1.0,5.0,3.0,16.0,0.7246376811594203
Protein-DNA,Chai,num_bad_bonds,25,0.0,0.0,0.0,0.32,92.0,0.0
Protein-DNA,Chai,num_bad_angles,25,0.0,0.0,0.0,0.36,88.0,0.0
Protein-DNA,Protenix,num_clashes,29,1.0,0.0,2.0,2.2413793103448274,41.37931034482759,0.22988505747126436
Protein-DNA,Protenix,num_bad_bonds,29,0.0,0.0,1.0,0.5172413793103449,68.96551724137932,0.0
Protein-DNA,Protenix,num_bad_angles,29,0.0,0.0,2.0,1.0344827586206897,65.51724137931035,0.0
Protein-DNA,IntelliFold,num_clashes,29,1.0,0.0,3.0,4.310344827586207,27.586206896551722,0.29542097488921715
Protein-DNA,IntelliFold,num_bad_bonds,29,0.0,0.0,2.0,0.8620689655172413,51.724137931034484,0.0
Protein-DNA,IntelliFold,num_bad_angles,29,0.0,0.0,1.0,0.5862068965517241,65.51724137931035,0.0
Protein-RNA,AF3,num_clashes,30,5.5,1.25,14.0,15.533333333333333,20.0,0.49686517637943034
Protein-RNA,AF3,num_bad_bonds,30,0.0,0.0,1.0,0.43333333333333335,56.666666666666664,0.0
Protein-RNA,AF3,num_bad_angles,30,1.0,0.0,2.0,1.0,40.0,0.09037505648441031
Protein-RNA,Boltz,num_clashes,23,5.0,2.0,21.5,23.695652173913043,17.391304347826086,0.8353221957040573
Protein-RNA,Boltz,num_bad_bonds,23,0.0,0.0,0.0,0.08695652173913043,91.30434782608695,0.0
Protein-RNA,Boltz,num_bad_angles,23,1.0,0.0,1.0,0.6086956521739131,43.47826086956522,0.07782101167315175
Protein-RNA,Chai,num_clashes,15,17.0,3.5,26.5,30.6,6.666666666666667,2.6474127557160045
Protein-RNA,Chai,num_bad_bonds,15,0.0,0.0,0.0,0.0,100.0,0.0
Protein-RNA,Chai,num_bad_angles,15,0.0,0.0,0.0,0.06666666666666667,93.33333333333333,0.0
Protein-RNA,Protenix,num_clashes,23,9.0,3.0,21.5,19.08695652173913,8.695652173913043,1.1345218800648298
Protein-RNA,Protenix,num_bad_bonds,23,0.0,0.0,1.0,0.5217391304347826,69.56521739130434,0.0
Protein-RNA,Protenix,num_bad_angles,23,0.0,0.0,2.5,3.0,65.21739130434783,0.0
Protein-RNA,IntelliFold,num_clashes,23,17.0,4.0,68.5,49.04347826086956,13.043478260869565,2.286401925391095
Protein-RNA,IntelliFold,num_bad_bonds,23,0.0,0.0,1.0,0.34782608695652173,65.21739130434783,0.0
Protein-RNA,IntelliFold,num_bad_angles,23,0.0,0.0,1.0,0.43478260869565216,60.86956521739131,0.0
Protein-Peptide,AF3,num_clashes,30,0.0,0.0,0.0,0.06666666666666667,93.33333333333333,0.0
Protein-Peptide,AF3,num_bad_bonds,30,0.0,0.0,0.0,0.0,100.0,0.0
Protein-Peptide,AF3,num_bad_angles,30,0.0,0.0,0.0,0.0,100.0,0.0
Protein-Peptide,Boltz,num_clashes,30,0.0,0.0,0.0,0.06666666666666667,93.33333333333333,0.0
Protein-Peptide,Boltz,num_bad_bonds,30,0.0,0.0,0.0,0.0,100.0,0.0
Protein-Peptide,Boltz,num_bad_angles,30,0.0,0.0,0.0,0.0,100.0,0.0
Protein-Peptide,Chai,num_clashes,30,0.0,0.0,0.75,0.3333333333333333,73.33333333333333,0.0
Protein-Peptide,Chai,num_bad_bonds,30,0.0,0.0,0.0,0.0,100.0,0.0
Protein-Peptide,Chai,num_bad_angles,30,0.0,0.0,0.0,0.0,100.0,0.0
Protein-Peptide,Protenix,num_clashes,30,0.0,0.0,1.0,0.7666666666666667,53.333333333333336,0.0
Protein-Peptide,Protenix,num_bad_bonds,30,0.0,0.0,0.0,0.13333333333333333,90.0,0.0
Protein-Peptide,Protenix,num_bad_angles,30,0.0,0.0,0.0,0.16666666666666666,86.66666666666667,0.0
Protein-Peptide,IntelliFold,num_clashes,30,0.0,0.0,0.0,0.36666666666666664,76.66666666666667,0.0
Protein-Peptide,IntelliFold,num_bad_bonds,30,0.0,0.0,0.0,0.43333333333333335,80.0,0.0
Protein-Peptide,IntelliFold,num_bad_angles,30,0.0,0.0,0.0,0.36666666666666664,80.0,0.0
