predictor,metric,structural_variable,rho,pvalue,n,pvalue_fdr
AF3,lddt,structure_residues,-0.21323532862786007,0.00879439029674883,150,0.01876719957423938
AF3,lddt,structure_chain_count,-0.056007108343826155,0.4960356741491173,150,0.572348854787443
AF3,lddt,resolution,-0.4412441972397411,1.589111800511203e-08,150,4.767335401533609e-07
AF3,tm_score,structure_residues,0.0598484850850747,0.4669124145979494,150,0.5602948975175392
AF3,tm_score,structure_chain_count,0.09873830645058927,0.22931859674721075,150,0.29515936639774376
AF3,tm_score,resolution,0.09630692604270677,0.2410468158914907,150,0.29515936639774376
AF3,rmsd,structure_residues,0.30355762077553256,0.0001592339672168916,150,0.000796169836084458
AF3,rmsd,structure_chain_count,-0.05677418953439329,0.49014448372204145,150,0.572348854787443
AF3,rmsd,resolution,0.22912282786711388,0.004797664343412051,150,0.012515646113248827
AF3,dockq_ave,structure_residues,-0.18255795367688862,0.025352428739293966,150,0.042254047898823276
AF3,dockq_ave,structure_chain_count,0.10181487655050783,0.21506215880912394,150,0.29326658019425994
AF3,dockq_ave,resolution,-0.20925975336679753,0.010170530989487399,150,0.020341061978974798
Boltz,lddt,structure_residues,-0.2287277751975306,0.006967974715737736,138,0.015484388257194968
Boltz,lddt,structure_chain_count,-0.004749618151567812,0.9559088809336607,138,0.9559088809336607
Boltz,lddt,resolution,-0.4281825776607253,1.6161849814473042e-07,138,1.9394219777367654e-06
Boltz,tm_score,structure_residues,-0.14461593044802076,0.09058727210022421,138,0.13936503400034495
Boltz,tm_score,structure_chain_count,0.16420970886212952,0.05428363318085115,138,0.08571099975923867
Boltz,tm_score,resolution,-0.10235866237965016,0.2322256340620172,138,0.29515936639774376
Boltz,rmsd,structure_residues,0.4511431734091224,2.8055450621133806e-08,138,5.611090124226761e-07
Boltz,rmsd,structure_chain_count,-0.20309298072866291,0.016891788545750797,138,0.029809038610148466
Boltz,rmsd,resolution,0.32957445318166817,7.904711282628772e-05,138,0.00047428267695772634
Boltz,dockq_ave,structure_residues,-0.34866135242502805,2.7788706800153736e-05,138,0.00020841530100115303
Boltz,dockq_ave,structure_chain_count,0.20672997273354332,0.014983492960927375,138,0.028094049301738828
Boltz,dockq_ave,resolution,-0.30331592839823796,0.00029881835768973375,138,0.0012806501043845732
Chai,lddt,structure_residues,-0.026692606958176317,0.7676219338384696,125,0.7940916556949685
Chai,lddt,structure_chain_count,-0.0182926154766382,0.8395415334997178,125,0.8537710510166623
Chai,lddt,resolution,-0.3316770458339014,0.00015774693747721058,125,0.000796169836084458
Chai,tm_score,structure_residues,-0.043008688078386405,0.6339023866890503,125,0.6915298763880549
Chai,tm_score,structure_chain_count,0.14246351745686747,0.11299268512507997,125,0.16535514896353165
Chai,tm_score,resolution,-0.05627650424209505,0.5330455435556702,125,0.592272826172967
Chai,rmsd,structure_residues,0.3030166278099204,0.000592732496035677,125,0.0022227468601337887
Chai,rmsd,structure_chain_count,-0.14937730069730368,0.09638191283297665,125,0.14457286924946497
Chai,rmsd,resolution,0.26497794863518337,0.0028232628140138303,125,0.008066465182896658
Chai,dockq_ave,structure_residues,-0.1064992775226674,0.23716553646147043,125,0.29515936639774376
Chai,dockq_ave,structure_chain_count,0.20703183227660793,0.02052606094128546,125,0.03518753304220364
Chai,dockq_ave,resolution,-0.17312514280353195,0.053512991277955016,125,0.08571099975923867
Protenix,lddt,structure_residues,-0.26178710905437963,0.0017141425782497511,141,0.005142427734749253
Protenix,lddt,structure_chain_count,0.03211816190082293,0.7053676743959045,141,0.7424922888377943
Protenix,lddt,resolution,-0.4662973015025893,5.626852383109388e-09,141,3.376111429865633e-07
Protenix,tm_score,structure_residues,-0.10383257885197567,0.2204685163788464,141,0.29395802183846187
Protenix,tm_score,structure_chain_count,0.23346020391121253,0.005334351732064988,141,0.013335879330162469
Protenix,tm_score,resolution,-0.05619533918852582,0.5080570529838009,141,0.5751589279061897
Protenix,rmsd,structure_residues,0.3878281662486575,2.0188087141258057e-06,141,2.0188087141258057e-05
Protenix,rmsd,structure_chain_count,-0.20347773100991812,0.01551922008926518,141,0.028216763798663964
Protenix,rmsd,resolution,0.3100288483982183,0.00018312019749617723,141,0.0008451701422900487
Protenix,dockq_ave,structure_residues,-0.2879727248005438,0.000534787180928776,141,0.002139148723715104
Protenix,dockq_ave,structure_chain_count,0.22785201984503622,0.006580731367989354,141,0.015186303156898508
Protenix,dockq_ave,resolution,-0.27177836502118863,0.00111392837912836,141,0.0035176685656685054
IntelliFold,lddt,structure_residues,-0.2059679667566375,0.014273923729047,141,0.02762694915299419
IntelliFold,lddt,structure_chain_count,-0.03729127770438681,0.6606467331435814,141,0.70783578551098
IntelliFold,lddt,resolution,-0.4299276413093076,1.0352571318809785e-07,141,1.5528856978214679e-06
IntelliFold,tm_score,structure_residues,-0.11184067593700009,0.18671510030873978,141,0.2605326981052183
IntelliFold,tm_score,structure_chain_count,0.21902370900305804,0.009070813127549034,141,0.01876719957423938
IntelliFold,tm_score,resolution,-0.12061121329140082,0.15426233810812803,141,0.2203747687258972
IntelliFold,rmsd,structure_residues,0.36073808573582644,1.1113786493991457e-05,141,9.526102709135534e-05
IntelliFold,rmsd,structure_chain_count,-0.2284811059658329,0.006429071068747338,141,0.015186303156898508
IntelliFold,rmsd,resolution,0.32647796951781777,7.781754081799181e-05,141,0.00047428267695772634
IntelliFold,dockq_ave,structure_residues,-0.2768076732521159,0.00089111173790573,141,0.0029703724596857667
IntelliFold,dockq_ave,structure_chain_count,0.2386292393582356,0.004377026488228838,141,0.011937344967896831
IntelliFold,dockq_ave,resolution,-0.28399529880173313,0.0006430225841673578,141,0.002269491473531851
